-- phpMyAdmin SQL Dump
-- version 4.0.10.14
-- http://www.phpmyadmin.net
--
-- Host: localhost:3306
-- Generation Time: Jun 17, 2016 at 12:28 AM
-- Server version: 5.1.73-cll
-- PHP Version: 5.4.31

SET SQL_MODE = "NO_AUTO_VALUE_ON_ZERO";
SET time_zone = "+00:00";


/*!40101 SET @OLD_CHARACTER_SET_CLIENT=@@CHARACTER_SET_CLIENT */;
/*!40101 SET @OLD_CHARACTER_SET_RESULTS=@@CHARACTER_SET_RESULTS */;
/*!40101 SET @OLD_COLLATION_CONNECTION=@@COLLATION_CONNECTION */;
/*!40101 SET NAMES utf8 */;

--
-- Database: `wggpetra_absensi`
--

-- --------------------------------------------------------

--
-- Table structure for table `divisi`
--

CREATE TABLE IF NOT EXISTS `divisi` (
  `id_divisi` int(11) NOT NULL AUTO_INCREMENT,
  `nama_divisi` varchar(225) NOT NULL,
  PRIMARY KEY (`id_divisi`)
) ENGINE=InnoDB  DEFAULT CHARSET=latin1 AUTO_INCREMENT=12 ;

--
-- Dumping data for table `divisi`
--

INSERT INTO `divisi` (`id_divisi`, `nama_divisi`) VALUES
(1, 'BPH'),
(2, 'Acara'),
(3, 'Peran'),
(4, 'Pubdekdok'),
(5, 'Keamanan'),
(6, 'Evaluasi'),
(7, 'Perlengkapan'),
(8, 'Sekretariat'),
(9, 'IT'),
(10, 'Konsumsi'),
(11, 'asdf');

-- --------------------------------------------------------

--
-- Table structure for table `kegiatan`
--

CREATE TABLE IF NOT EXISTS `kegiatan` (
  `id` int(4) NOT NULL AUTO_INCREMENT,
  `nama` varchar(100) DEFAULT NULL,
  `tanggal` date NOT NULL,
  PRIMARY KEY (`id`)
) ENGINE=InnoDB  DEFAULT CHARSET=latin1 AUTO_INCREMENT=11 ;

--
-- Dumping data for table `kegiatan`
--

INSERT INTO `kegiatan` (`id`, `nama`, `tanggal`) VALUES
(3, 'RAPAT PLENO II - IN', '2016-05-04'),
(4, 'RAPAT PLENO II - OUT', '2016-05-04'),
(5, 'RAPAT DIVISI PERAN - IN', '2016-05-09'),
(6, 'RAPAT DIVISI PERAN - OUT', '2016-05-09'),
(7, 'RAPAT PLENO III - IN', '2016-05-25'),
(8, 'RAPAT PLENO III - OUT', '2016-05-25'),
(9, 'PERBEKALAN PERAN - IN', '2016-05-30'),
(10, 'PERBEKALAN PERAN - OUT', '2016-05-30');

-- --------------------------------------------------------

--
-- Table structure for table `mahasiswa`
--

CREATE TABLE IF NOT EXISTS `mahasiswa` (
  `id` int(4) NOT NULL AUTO_INCREMENT,
  `nrp` int(8) DEFAULT NULL,
  `nama` varchar(100) DEFAULT NULL,
  `jurusan` varchar(75) DEFAULT NULL,
  PRIMARY KEY (`id`)
) ENGINE=InnoDB  DEFAULT CHARSET=latin1 AUTO_INCREMENT=482 ;

--
-- Dumping data for table `mahasiswa`
--

INSERT INTO `mahasiswa` (`id`, `nrp`, `nama`, `jurusan`) VALUES
(1, 11413009, 'OLIVIA OLGA WIJAYA', '[Panitia - Sekretariat]'),
(2, 41414009, 'IMMACULATA', '[Panitia - Sekretariat]'),
(3, 24414055, 'STEPHANIE CRISTIE ROSALIE', '[Panitia - Sekretariat]'),
(4, 33414054, 'MARCELLINA', '[Panitia - Sekretariat]'),
(5, 21414133, 'PETER CHRISTIAN BUDIONO', '[Panitia - Sekretariat]'),
(6, 41414007, 'FELITA FERNANDA', '[Panitia - Sekretariat]'),
(7, 21414048, 'REINARD EKA PUTRA', '[Panitia - Sekretariat]'),
(8, 21414137, 'YONATAN SEPTIAN SUGIARTO', '[Panitia - Sekretariat]'),
(9, 21415117, 'KEVIN RICHARD ANGGREK', '[Panitia - Sekretariat]'),
(10, 22415096, 'STEVEN PINTONO', '[Panitia - Sekretariat]'),
(11, 24414033, 'BERNARDUS TRISTA DMITRI SUTRISNO', '[Panitia - Sekretariat]'),
(12, 31415044, 'ALBERTUS SANDHY PRAMANA SANTOSO', '[Panitia - Sekretariat]'),
(13, 31415201, 'WILSON PRAMONO', '[Panitia - Sekretariat]'),
(14, 11415055, 'MELITA KOSASIH', '[Panitia - Sekretariat]'),
(15, 12415002, 'JOHANNA ELVINA', '[Panitia - Sekretariat]'),
(16, 21415134, 'MIRA NOVITA', '[Panitia - Sekretariat]'),
(17, 22415030, 'NATASHA EUGENIA TANUJAYA', '[Panitia - Sekretariat]'),
(18, 22415101, 'JESSICA AGUSTIN ANGELINA', '[Panitia - Sekretariat]'),
(19, 25415025, 'ALICIA PUSPITASARI', '[Panitia - Sekretariat]'),
(20, 25415075, 'ELLICE JOSEPHINE ONGKODJOJO', '[Panitia - Sekretariat]'),
(21, 26415183, 'STEPHANIE LIEM', '[Panitia - Sekretariat]'),
(22, 32415025, 'MONICA VALENCIA NUGROHO', '[Panitia - Sekretariat]'),
(23, 32415178, 'EVELIN LESMANAPUTRI', '[Panitia - Sekretariat]'),
(24, 33414112, 'AUDREY NATASHA WIBOWO', '[Panitia - Sekretariat]'),
(25, 36415075, 'OLIVIA WIJAYA', '[Panitia - Sekretariat]'),
(26, 37415088, 'MARCELINA YANG', '[Panitia - Sekretariat]'),
(27, 41414005, 'RADEN RORO MONICA S', '[Panitia - Sekretariat]'),
(28, 41414041, 'ANGELA LISA KUSUMA', '[Panitia - Sekretariat]'),
(29, 42415087, 'NAOMI PRAJOGO DJUANDA', '[Panitia - Sekretariat]'),
(30, 51415020, 'NINDY ELYSE TANTONO', '[Panitia - Sekretariat]'),
(31, 33413158, 'CLAUDIA BENITA KUSUMA', '[Panitia - Pubdekdok]'),
(32, 33414051, 'JESSENIA KOLIN', '[Panitia - Pubdekdok]'),
(33, 42414083, 'ELVINA YOSEFA', '[Panitia - Pubdekdok]'),
(34, 33413109, 'STEFANIE KUSUMA ALI', '[Panitia - Pubdekdok]'),
(35, 22414018, 'GABRIELLA ROSELY LING YEOW CHIEH', '[Panitia - Pubdekdok]'),
(36, 42415006, 'JUAN RICHARD', '[Panitia - Pubdekdok]'),
(37, 11415038, 'WENDY CYNTHIA GUNAWAN', '[Panitia - Pubdekdok]'),
(38, 42413102, 'MELISA NATALIA LIMARTA', '[Panitia - Pubdekdok]'),
(39, 41415059, 'RYAN SIDHARTA PRIBADI SANTOSO', '[Panitia - Pubdekdok]'),
(40, 33415112, 'GABRIELLA FAUSTINE', '[Panitia - Pubdekdok]'),
(41, 12414017, 'ELIZABET SANJAYA', '[Panitia - Pubdekdok]'),
(42, 21415216, 'RAYNALDO ARFANDY', '[Panitia - Pubdekdok]'),
(43, 32414002, 'SAMUEL AVE', '[Panitia - Pubdekdok]'),
(44, 42414066, 'SAMUEL KURNIAWAN', '[Panitia - Pubdekdok]'),
(45, 22414055, 'MICHAEL SUHARTO PANGESTU', '[Panitia - Pubdekdok]'),
(46, 42415072, 'DELBERT DADI SANTOSA', '[Panitia - Pubdekdok]'),
(47, 42415069, 'JESSICA', '[Panitia - Pubdekdok]'),
(48, 22415051, 'LILY SUTANTO', '[Panitia - Pubdekdok]'),
(49, 34415033, 'NATASHA RAPHAELLA HALIM', '[Panitia - Pubdekdok]'),
(50, 22414107, 'KHARISMA SADEWA PRASETIO', '[Panitia - Pubdekdok]'),
(51, 21413049, 'DAVID CHRISTIANDO ANGIR', '[Panitia - Pubdekdok]'),
(52, 26413119, 'MELLY VIRIYA', '[Panitia - Pubdekdok]'),
(53, 22413132, 'WILLIAM WIBOWO', '[Panitia - Pubdekdok]'),
(54, 41415009, 'NATASYA ANGELINA TERUNAJAYA', '[Panitia - Pubdekdok]'),
(55, 32415202, 'MAHAVIRO SANJAYA', '[Panitia - Pubdekdok]'),
(56, 31415161, 'ERIK EKA NUGRAHA', '[Panitia - Pubdekdok]'),
(57, 22415112, 'JEREMIAH ALBERTUS HADIWIDJAJA', '[Panitia - Pubdekdok]'),
(58, 42415008, 'THERESIA MONICA', '[Panitia - Pubdekdok]'),
(59, 42414034, 'SHEILAVIA NADELA', '[Panitia - Pubdekdok]'),
(60, 42414006, 'SONIA ANGGRIAWAN', '[Panitia - Pubdekdok]'),
(61, 22413036, 'THOMAS JULIAN ONGO', '[Panitia - Pubdekdok]'),
(62, 41415053, 'FAVIAN GRADY SUSANTO', '[Panitia - Pubdekdok]'),
(63, 26414067, 'CALVIN OCTAVIANO', '[Panitia - Pubdekdok]'),
(64, 42415141, 'BRYAN TJAHYADI', '[Panitia - Pubdekdok]'),
(65, 23415002, 'IVAN SURYA HUTOMO', '[Panitia - Pubdekdok]'),
(66, 26413014, 'AGUNG TRIARTA HARIYANTO', '[Panitia - Perlengkapan]'),
(67, 24414021, 'ALDO FRANDINATA', '[Panitia - Perlengkapan]'),
(68, 12414002, 'ELLEN APRILIA PRANATA', '[Panitia - Perlengkapan]'),
(69, 26414104, 'NATHANAEL ADI CAHYONO', '[Panitia - Perlengkapan]'),
(70, 37415058, 'BELLA', '[Panitia - Perlengkapan]'),
(71, 26413112, 'MICHAEL SANTOSO', '[Panitia - Perlengkapan]'),
(72, 21414092, 'BENEDICTUS TRISTA DMITRI SUTRISNO', '[Panitia - Perlengkapan]'),
(73, 25414097, 'HANANIEL VINCENT SUSANTO', '[Panitia - Perlengkapan]'),
(74, 51415022, 'JOSEPHINE', '[Panitia - Perlengkapan]'),
(75, 21414125, 'VINCENTIUS STANLEY', '[Panitia - Perlengkapan]'),
(76, 23415001, 'MICHAEL EMMANUEL VICTORIOUS', '[Panitia - Perlengkapan]'),
(77, 21415183, 'DAVIN SUGIARTO', '[Panitia - Perlengkapan]'),
(78, 41415063, 'MARIA TARA KIRANA ANINDITA', '[Panitia - Perlengkapan]'),
(79, 25415077, 'JOSHUA REVINDY CHANDRA', '[Panitia - Perlengkapan]'),
(80, 22415137, 'EKO SUTANTO', '[Panitia - Perlengkapan]'),
(81, 26415106, 'DANNY LIONEL', '[Panitia - Perlengkapan]'),
(82, 25415081, 'WILLY HARDY SAPUTRA', '[Panitia - Perlengkapan]'),
(83, 31415175, 'REINALDO SITONGAN', '[Panitia - Perlengkapan]'),
(84, 26415112, 'MICHAEL GOZALI', '[Panitia - Perlengkapan]'),
(85, 12414011, 'IVON SISWANTO', '[Panitia - Perlengkapan]'),
(86, 25414022, 'FELIX VALENTINO', '[Panitia - Perlengkapan]'),
(87, 32415179, 'HUGO ALVIN DJAKARIA', '[Panitia - Perlengkapan]'),
(88, 22413130, 'ANDRINATA YONATAN', '[Panitia - Perlengkapan]'),
(89, 33415179, 'ANDRIANTO CHIASIDY', '[Panitia - Perlengkapan]'),
(90, 26414045, 'FARENZA AREITA KHARISMA', '[Panitia - Perlengkapan]'),
(91, 12415020, 'CHERRY', '[Panitia - Perlengkapan]'),
(92, 21415108, 'STEFANUS BRIAN JUAN NDAY', '[Panitia - Perlengkapan]'),
(93, 23415008, 'HENDI PRAWIROREJOYO', '[Panitia - Perlengkapan]'),
(94, 35414013, 'ALBERT CHRIESTANTO', '[Panitia - Perlengkapan]'),
(95, 21414078, 'FAVIAN SEBASTIANO', '[Panitia - Perlengkapan]'),
(96, 23415004, 'JONATAN', '[Panitia - Perlengkapan]'),
(97, 21415179, 'ADI JANUAR PRIBADI W.', '[Panitia - Perlengkapan]'),
(98, 32414198, 'RICHARD JANUARD MESLYANDI RADJA GAH', '[Panitia - Perlengkapan]'),
(99, 32415007, 'VANIA LIANAWATI', '[Panitia - Peran]'),
(100, 22415015, 'CALVIN JONATHAN RUSLIE', '[Panitia - Peran]'),
(101, 22415058, 'ADY PUTRA', '[Panitia - Peran]'),
(102, 35415057, 'SHIERLY VINENZIA', '[Panitia - Peran]'),
(103, 22415053, 'JOEL KURNIAWAN', '[Panitia - Peran]'),
(104, 12415010, 'CLEARESTA NATHANIA', '[Panitia - Peran]'),
(105, 51415092, 'CHANIGIA EVEREST ANUGERAH MUSKANANFOLA', '[Panitia - Peran]'),
(106, 51414031, 'MICHELLE ALDA GUNAWAN', '[Panitia - Peran]'),
(107, 21415099, 'SAMUEL ERIC', '[Panitia - Peran]'),
(108, 21415026, 'KEVIN', '[Panitia - Peran]'),
(109, 21415127, 'RICHARD JORDAN CITRA', '[Panitia - Peran]'),
(110, 41414100, 'MARIA VIRGINIA KSATRIA', '[Panitia - Peran]'),
(111, 32415238, 'DEAN CHARLOS PADJI DOGI', '[Panitia - Peran]'),
(112, 21414028, 'RONALD WINARTO', '[Panitia - Peran]'),
(113, 23415026, 'DENNY CHRISTIAN RAGA', '[Panitia - Peran]'),
(114, 22415016, 'JENNIFER', '[Panitia - Peran]'),
(115, 32415062, 'CHRISTIAN ANDERSEN HARTONO', '[Panitia - Peran]'),
(116, 21415214, 'KRISTELLA NATHANIA LAIRENZ', '[Panitia - Peran]'),
(117, 21415006, 'DAVID PRAYOGO', '[Panitia - Peran]'),
(118, 21415128, 'ALEXANDER OCTOVIUS', '[Panitia - Peran]'),
(119, 22415114, 'RONALDO FANTONI', '[Panitia - Peran]'),
(120, 22415077, 'THEODORE LAMUEL', '[Panitia - Peran]'),
(121, 26415037, 'JAMES WIBISONO SANTOSO', '[Panitia - Peran]'),
(122, 22415106, 'ANTHONY KURNIAWAN KUSWANDI', '[Panitia - Peran]'),
(123, 22415094, 'JESSE TANIA', '[Panitia - Peran]'),
(124, 26415081, 'YOSIA ALEXANDER CHRISTIAN', '[Panitia - Peran]'),
(125, 22415132, 'NATASHA MARCELLA HOTAMA', '[Panitia - Peran]'),
(126, 26415154, 'THE, KRISTIAN SURYAJAYA', '[Panitia - Peran]'),
(127, 22415082, 'FIFINELLA', '[Panitia - Peran]'),
(128, 22415088, 'MICHELLE CHRISTIENA BUDIYANTO', '[Panitia - Peran]'),
(129, 25415049, 'ALEXANDREA TEGUH', '[Panitia - Peran]'),
(130, 22415047, 'MEIDY MARIA', '[Panitia - Peran]'),
(131, 32415001, 'AVIOLETTA EFFENDY', '[Panitia - Peran]'),
(132, 11415069, 'KEVIN SUSANTO POKHAN', '[Panitia - Peran]'),
(133, 32415071, 'VANNY LISAYANI WIJAYA', '[Panitia - Peran]'),
(134, 11415071, 'SAMUEL ANGGI SURYONUGROHO', '[Panitia - Peran]'),
(135, 21415059, 'MEILINDA KIANTO', '[Panitia - Peran]'),
(136, 26415089, 'MICHAEL ANINDITYA HERMAWAN', '[Panitia - Peran]'),
(137, 21415092, 'ATTERONI PRATOMO', '[Panitia - Peran]'),
(138, 21415097, 'HANDY PRAYOGO', '[Panitia - Peran]'),
(139, 21415079, 'YOSUA HARDISTIANTO', '[Panitia - Peran]'),
(140, 33415127, 'GEOFANNY SANTOSO UTAMA', '[Panitia - Peran]'),
(141, 33415096, 'SHELLY YONATHA', '[Panitia - Peran]'),
(142, 26415178, 'DANIEL CHRISTIAN TEDJA', '[Panitia - Peran]'),
(143, 22415105, 'CELIA FELICIA TANONI', '[Panitia - Peran]'),
(144, 33415061, 'SHINTIA HIANITA', '[Panitia - Peran]'),
(145, 22415018, 'JEREMIAH', '[Panitia - Peran]'),
(146, 26415061, 'BRYAN CHRISTIANSEN', '[Panitia - Peran]'),
(147, 21415094, 'SAMUEL MARCELINO', '[Panitia - Peran]'),
(148, 32415079, 'GABRIELLA TANJUNG', '[Panitia - Peran]'),
(149, 37415056, 'LIVIANY CLAUDIA', '[Panitia - Peran]'),
(150, 22414161, 'KIRK NICKLAUS MANIBUY', '[Panitia - Peran]'),
(151, 32415226, 'MARIA AGUSTIN', '[Panitia - Peran]'),
(152, 35415062, 'ELFINA RAMANDEI', '[Panitia - Peran]'),
(153, 32415089, 'EFFIE KURNIATI PRAYOGO', '[Panitia - Peran]'),
(154, 37414024, 'TEOFILUS KARNALIM', '[Panitia - Peran]'),
(155, 21415021, 'YOEL TINO CHRISTOFER', '[Panitia - Peran]'),
(156, 22415075, 'YUSUF IRWANTONO', '[Panitia - Peran]'),
(157, 26415160, 'JAMES RIADY', '[Panitia - Peran]'),
(158, 21415036, 'BOBBY GUSTI SETIAWAN', '[Panitia - Peran]'),
(159, 41415147, 'ANASTASIA LUBALU', '[Panitia - Peran]'),
(160, 33415133, 'FELIANA JUANITA SARI', '[Panitia - Peran]'),
(161, 22415006, 'JESSICA KRISTIANI', '[Panitia - Peran]'),
(162, 11415061, 'GRACIA VEVA', '[Panitia - Peran]'),
(163, 24415054, 'VICTOR REYNOLD', '[Panitia - Peran]'),
(164, 41415042, 'FELICIA JANE THENDEAN', '[Panitia - Peran]'),
(165, 36414066, 'ANDREAS SULISTIO', '[Panitia - Peran]'),
(166, 21415007, 'HANSEN CHRISTIAN', '[Panitia - Peran]'),
(167, 21415005, 'NICO PRAYOGO', '[Panitia - Peran]'),
(168, 25415001, 'BOBBY SETIAWAN', '[Panitia - Peran]'),
(169, 24415008, 'FRANSISKUS XAVERIUS YULIO ARIFIN', '[Panitia - Peran]'),
(170, 26415126, 'KEVIN', '[Panitia - Peran]'),
(171, 37415101, 'HAINI', '[Panitia - Peran]'),
(172, 37415029, 'ELIA HENOKH TIMOTIUS', '[Panitia - Peran]'),
(173, 34415065, 'PATRICK GIOVANNI WONGSOSAPUTRO', '[Panitia - Peran]'),
(174, 41415138, 'GABRIELLE ANGELINE', '[Panitia - Peran]'),
(175, 11415034, 'REGINA SIDDHARTA', '[Panitia - Peran]'),
(176, 41415162, 'MARIA YUANITA ANGELICA', '[Panitia - Peran]'),
(177, 36415015, 'JEMMY GUNAWAN', '[Panitia - Peran]'),
(178, 32414197, 'AGNES AYU PERMATA', '[Panitia - Peran]'),
(179, 22415040, 'KEVIN HERMAWAN YUWONO', '[Panitia - Peran]'),
(180, 51415047, 'YOVIANE TANIA LINGGANI', '[Panitia - Peran]'),
(181, 22415072, 'NATALIA ONGGANO', '[Panitia - Peran]'),
(182, 31413134, 'AGNES WAHYU HANDOYO', '[Panitia - Peran]'),
(183, 26414151, 'DAVID KRISTIAN', '[Panitia - Peran]'),
(184, 26415048, 'ELBERT JONATHAN', '[Panitia - Peran]'),
(185, 26415169, 'YUNIKE CHRISTINA', '[Panitia - Peran]'),
(186, 26415135, 'DIENI LUCKY PRAYA PITESHA', '[Panitia - Peran]'),
(187, 42415004, 'YUNIAWATI KENCANASARI', '[Panitia - Peran]'),
(188, 32415250, 'DELITHA JULITHA', '[Panitia - Peran]'),
(189, 33415098, 'CARMELITA TANUWIDJAJA', '[Panitia - Peran]'),
(190, 22415149, 'JIMMY KRISTANTO', '[Panitia - Peran]'),
(191, 42414045, 'NIKO TANDRA', '[Panitia - Peran]'),
(192, 21415193, 'NGURAH JOSHUA PRAMANA', '[Panitia - Peran]'),
(193, 21414007, 'BINTORO GUSTANTO HENDRAWAN', '[Panitia - Peran]'),
(194, 32414074, 'KARINA NOVITASARI', '[Panitia - Peran]'),
(195, 51414007, 'MELINA IKWAN', '[Panitia - Peran]'),
(196, 31415186, 'LADY OLIVIA OSITO', '[Panitia - Peran]'),
(197, 26415003, 'IGNATIUS LEONARDO', '[Panitia - Peran]'),
(198, 35415050, 'EVITA VERONICA WELAFUBUN', '[Panitia - Peran]'),
(199, 37415108, 'SEPTIANY ISMINIDA JOLIAN', '[Panitia - Peran]'),
(200, 41415107, 'SIA, ELVINA CHRISTINA', '[Panitia - Peran]'),
(201, 21415172, 'ANTHONY HANSEL', '[Panitia - Peran]'),
(202, 25415105, 'KARINA KUSUMA HALIM', '[Panitia - Peran]'),
(203, 22414088, 'ISHAK TEDJOWIDJOJO', '[Panitia - Peran]'),
(204, 21415024, 'IVAN KURNIAWAN', '[Panitia - Peran]'),
(205, 26415110, 'ANGGITA CHRISTINA SUNARTO PUTRI', '[Panitia - Peran]'),
(206, 33414032, 'CINTHYA FREDERICA', '[Panitia - Peran]'),
(207, 25413010, 'DANIEL KURNIAWAN', '[Panitia - Peran]'),
(208, 21414139, 'ANGELITA WIYANTO', '[Panitia - Peran]'),
(209, 32415174, 'ELVINA HADIWEIJAYA', '[Panitia - Peran]'),
(210, 24415093, 'CHRISTOPHER LISANTHONI', '[Panitia - Peran]'),
(211, 22415029, 'TIMOTHY DAVIN', '[Panitia - Peran]'),
(212, 42414010, 'AGUSTINUS DAVID', '[Panitia - Peran]'),
(213, 24415068, 'CHRISTOFFER ABADI PRAJOGA', '[Panitia - Peran]'),
(214, 42415112, 'YUNITA SALIM', '[Panitia - Peran]'),
(215, 42415060, 'ORNELLA AYU PRABOWO', '[Panitia - Peran]'),
(216, 42415157, 'FIBRIANY KURNIA JAYANTI', '[Panitia - Peran]'),
(217, 25414006, 'GRACE EFFENDI PRIJADI', '[Panitia - Peran]'),
(218, 12414003, 'LIANDA NATALINE GUNAWASANA', '[Panitia - Peran]'),
(219, 25415111, 'SATRIA NALAPRADIPTA', '[Panitia - Peran]'),
(220, 36415060, 'ANGELIA KARUNIA CHRISTY', '[Panitia - Peran]'),
(221, 51415081, 'TIFFANY VALENTINA YUNITA', '[Panitia - Peran]'),
(222, 51415064, 'ELLEN GANESHAWATI BAHTERA', '[Panitia - Peran]'),
(223, 51415044, 'RENI', '[Panitia - Peran]'),
(224, 51415112, 'LADY STEFANI', '[Panitia - Peran]'),
(225, 51415055, 'HIDEKEL YEDIDYAH DALMANUTA', '[Panitia - Peran]'),
(226, 51415041, 'YANA GABRIELLA WIJAYA', '[Panitia - Peran]'),
(227, 36415068, 'FRANSISKA HANA TANUWIJAYA', '[Panitia - Peran]'),
(228, 21414042, 'RAPHAEL COKRO', '[Panitia - Peran]'),
(229, 22414114, 'ENRICHO TIMOTHY LIYANTO', '[Panitia - Peran]'),
(230, 21415201, 'SURYA NUGROHO YUWONO', '[Panitia - Peran]'),
(231, 22414014, 'YESSICA', '[Panitia - Peran]'),
(232, 22415147, 'PHILIP NUGRAHA HADIPRASETYO', '[Panitia - Peran]'),
(233, 24415070, 'DION VALENTINO TANUWIJAYA', '[Panitia - Peran]'),
(234, 42415024, 'GOLDA N. WAWORUNTU', '[Panitia - Peran]'),
(235, 33414179, 'RIANTI RIZKI N.F.', '[Panitia - Peran]'),
(236, 35414009, 'ANDY SETYAWAN', '[Panitia - Peran]'),
(237, 21415238, 'YOSEFANO FEBRIAN ARDANI', '[Panitia - Peran]'),
(238, 37415094, 'JESSYCA MARCELINA PUTRI UTAMI DARUNG', '[Panitia - Peran]'),
(239, 22415150, 'RIZALDI JOHAN MANGITUNG', '[Panitia - Peran]'),
(240, 11414001, 'VALERIE FEBRINA ANGGARA', '[Panitia - Peran]'),
(241, 21414047, 'ALBERT NATANEGARA', '[Panitia - Peran]'),
(242, 32414127, 'VANESSA JOCELYN ARIANTO', '[Panitia - Peran]'),
(243, 51414019, 'NATALIA MANDIRIANI', '[Panitia - Peran]'),
(244, 31415256, 'JUAN ALEXANDER JIPUTRA', '[Panitia - Peran]'),
(245, 22415003, 'DEWI CINDRAWATI', '[Panitia - Peran]'),
(246, 21415045, 'ALEXANDER HERMAWAN SUTANTO', '[Panitia - Peran]'),
(247, 33415085, 'SETEVANI LISA GUNAWAN', '[Panitia - Peran]'),
(248, 42415014, 'HARDIAN', '[Panitia - Peran]'),
(249, 25414064, 'GERRY TEOFILUS SUSANTO', '[Panitia - Peran]'),
(250, 34415075, 'PRASETYA ADMAJA', '[Panitia - Peran]'),
(251, 32414141, 'VIVIAN JACOB', '[Panitia - Peran]'),
(252, 36415041, 'ANGELA NATALIE ADIWIDJAJA', '[Panitia - Peran]'),
(253, 22414040, 'KATHERINE NATHANIA BUDIANI', '[Panitia - Peran]'),
(254, 33415072, 'NATASHA ANGELIA', '[Panitia - Peran]'),
(255, 22414091, 'NATASHA KARINA HARIYONO', '[Panitia - Peran]'),
(256, 21415120, 'ANDREW', '[Panitia - Peran]'),
(257, 31415198, 'NICO SINGGIH MIYATA', '[Panitia - Peran]'),
(258, 42415119, 'VERA FAUSTINA PURNAMA', '[Panitia - Peran]'),
(259, 32415255, 'ALDO TJONDRO', '[Panitia - Peran]'),
(260, 42415184, 'PIETER RENALDI LUKITO', '[Panitia - Peran]'),
(261, 33415160, 'STEPHANIE DEVITA SUGIANTO', '[Panitia - Peran]'),
(262, 25413045, 'HANS MARSHA', '[Panitia - Peran]'),
(263, 22414081, 'YOSEFIN EFRAIM SUSANTI', '[Panitia - Peran]'),
(264, 22415086, 'BAGASKARA FAJAR WINARSO', '[Panitia - Peran]'),
(265, 42413167, 'ANDREAS SETYAWAN', '[Panitia - Peran]'),
(266, 32415136, 'DEVINA MARTINA PRASTYA', '[Panitia - Peran]'),
(267, 22415071, 'MELIANTHA MARSHA MAURILLA', '[Panitia - Peran]'),
(268, 26415055, 'GLENN FERIO FERNANTO', '[Panitia - Peran]'),
(269, 33415188, 'PATTRICIA CELLINE TJAMALLA', '[Panitia - Peran]'),
(270, 21414210, 'EVAN CRESSANDI', '[Panitia - Peran]'),
(271, 21414197, 'FERDY SETYONO', '[Panitia - Peran]'),
(272, 41415110, 'ELIZABETH', '[Panitia - Peran]'),
(273, 31415199, 'REGINA CINDY DARMAWAN', '[Panitia - Peran]'),
(274, 41415121, 'SHELMI EDELWISSE', '[Panitia - Peran]'),
(275, 21414118, 'INDRA KRISTANTO', '[Panitia - Peran]'),
(276, 22415023, 'LYDIA DWIANTI PUTRI', '[Panitia - Peran]'),
(277, 31414025, 'GERALDO', '[Panitia - Peran]'),
(278, 31414081, 'HENDRY WILIANTO', '[Panitia - Peran]'),
(279, 32414082, 'LIVIA JUANITA', '[Panitia - Peran]'),
(280, 22414037, 'STEFAN RIO ERWANTO', '[Panitia - Peran]'),
(281, 22414050, 'JESSICA LUKITO', '[Panitia - Peran]'),
(282, 12415009, 'FEBE CHRISTINA WIJAYA', '[Panitia - Peran]'),
(283, 26415128, 'DANISWARA KUSUMA AJI', '[Panitia - Peran]'),
(284, 51415018, 'DIANA PRASETYA', '[Panitia - Peran]'),
(285, 24415021, 'DANIEL TEOFILUS YOUNG', '[Panitia - Peran]'),
(286, 33415100, 'JOHANNA CHRISETYANTI', '[Panitia - Peran]'),
(287, 26415180, 'AMANDA TANARI', '[Panitia - Peran]'),
(288, 26415114, 'AMELIA KEZIA GUNAWAN', '[Panitia - Peran]'),
(289, 31415098, 'NIKEN NANINCOVA', '[Panitia - Peran]'),
(290, 32414050, 'LIVIA FEBRINA SANTOSO', '[Panitia - Peran]'),
(291, 22415043, 'KEISHYA WYNNE SANTOSO', '[Panitia - Peran]'),
(292, 32415123, 'ARISTO RIADY', '[Panitia - Peran]'),
(293, 21415061, 'DANIEL, MULYONO KRESNADI', '[Panitia - Peran]'),
(294, 51415067, 'GRACIA MARIA PRISCILLA', '[Panitia - Peran]'),
(295, 24415004, 'YEREMIA ANTONIUS SUTANTO', '[Panitia - Peran]'),
(296, 32415163, 'REGINA MONICA', '[Panitia - Peran]'),
(297, 21415142, 'VALENTINUS ALVIN HODIANTO', '[Panitia - Peran]'),
(298, 32415097, 'REGINA PATRICE BUANA', '[Panitia - Peran]'),
(299, 21415090, 'DANIEL SETIAWAN', '[Panitia - Peran]'),
(300, 26415096, 'ANTHONY', '[Panitia - Peran]'),
(301, 24414064, 'ANDRIONO SLAMET', '[Panitia - Peran]'),
(302, 21415011, 'HIERONIMUS ENRICO SURYO', '[Panitia - Peran]'),
(303, 26415147, 'ANDY SUKANTO KAN', '[Panitia - Peran]'),
(304, 32414181, 'SEPTHALIA PRAYOGO', '[Panitia - Peran]'),
(305, 26415095, 'IVAN EKO NOVIANTO', '[Panitia - Peran]'),
(306, 21415078, 'CLARENCE REBEKA', '[Panitia - Peran]'),
(307, 36413072, 'TRIXIE NOVA BELLA TANDIJAYA', '[Panitia - Peran]'),
(308, 21413168, 'OWEN MALVIN SIRAPANJI', '[Panitia - Peran]'),
(309, 51413008, 'YOSEVIN HERAWATI', '[Panitia - Peran]'),
(310, 37414040, 'GABRIELLA TIFFANY', '[Panitia - Peran]'),
(311, 33413057, 'INDAH TIRANI', '[Panitia - Peran]'),
(312, 51414088, 'GRASELLA SOFIA MINGKID', '[Panitia - Peran]'),
(313, 36413070, 'JEREMY HERMAN SAPUTRA', '[Panitia - Peran]'),
(314, 22414099, 'ALFREDO HIDAYAT PRASETYO', '[Panitia - Peran]'),
(315, 33415194, 'GRACE IRENE WAROUW', '[Panitia - Peran]'),
(316, 22414092, 'APRILIA RENDRA PUTRI', '[Panitia - Peran]'),
(317, 21413056, 'GIOVANI IRENA', '[Panitia - Peran]'),
(318, 22414155, 'ODDIE CHRISTIAN HARTANTO', '[Panitia - Peran]'),
(319, 25414030, 'JEANNY PONTJOHARYO', '[Panitia - Peran]'),
(320, 31413099, 'LITA SUTANDAR', '[Panitia - Peran]'),
(321, 25414048, 'YOHAN KRISTIAN', '[Panitia - Peran]'),
(322, 37415118, 'MICHAEL AGUSTIO GOSAL', '[Panitia - Peran]'),
(323, 21414158, 'WIRA WARDHANA GUNAWAN', '[Panitia - Peran]'),
(324, 35414007, 'ELISABETH STEFANIE', '[Panitia - Konsumsi]'),
(325, 32415046, 'JOAN JESSLYN PRAJNAWATI FIRMAN', '[Panitia - Konsumsi]'),
(326, 37415009, 'ANGELICA APRILIA', '[Panitia - Konsumsi]'),
(327, 21414050, 'RYAN CHRISMAWAN SUKAMTO', '[Panitia - Konsumsi]'),
(328, 22415026, 'KEVIN', '[Panitia - Konsumsi]'),
(329, 21414135, 'CHRISTIEN HALIM', '[Panitia - Konsumsi]'),
(330, 32415049, 'LIANNY, ALANDI', '[Panitia - Konsumsi]'),
(331, 32415020, 'VENY YUANA', '[Panitia - Konsumsi]'),
(332, 32414022, 'RAYMOND LIANTO', '[Panitia - Konsumsi]'),
(333, 12415008, 'DIAN SUWIGNYO', '[Panitia - Konsumsi]'),
(334, 26415027, 'CHRISTOPHER ALBERT LORENTIUS', '[Panitia - Konsumsi]'),
(335, 35414051, 'AURELLIA DELLA CHANDRA', '[Panitia - Konsumsi]'),
(336, 32414040, 'HANA GUNAWAN', '[Panitia - Konsumsi]'),
(337, 51414064, 'NATASHA CITRA WIJAYA', '[Panitia - Konsumsi]'),
(338, 41414082, 'MELISSA CHRISTANY WIBOWO', '[Panitia - Konsumsi]'),
(339, 24415061, 'JONATHAN HERLIANTO WIBOWO', '[Panitia - Konsumsi]'),
(340, 22414045, 'SIENY FELICIA', '[Panitia - Konsumsi]'),
(341, 22415113, 'CHRISTIAN TANDIONO', '[Panitia - Konsumsi]'),
(342, 41414052, 'DEWANDA GEASANTIKA G', '[Panitia - Konsumsi]'),
(343, 32414030, 'LISTIYANI CHANDRA', '[Panitia - Konsumsi]'),
(344, 51414041, 'JOESEPHINE TANUMAHARJA', '[Panitia - Konsumsi]'),
(345, 33415168, 'EDWIN GUNAWAN', '[Panitia - Konsumsi]'),
(346, 32415145, 'SHELLY EVANIA', '[Panitia - Konsumsi]'),
(347, 22415005, 'CLAUDYA MARCHELINA SUSANTO', '[Panitia - Konsumsi]'),
(348, 35413029, 'FREDY DHARMAWAN NUGROHO', '[Panitia - Konsumsi]'),
(349, 21414082, 'EDWARD', '[Panitia - Konsumsi]'),
(350, 42414113, 'MARRISA LEVIANI INDRAYANA ', '[Panitia - Konsumsi]'),
(351, 32414027, 'FERBIANA HELENA', '[Panitia - Konsumsi]'),
(352, 21414163, 'SAMUEL', '[Panitia - Konsumsi]'),
(353, 32414088, 'JOVANI JUNIANA', '[Panitia - Konsumsi]'),
(354, 25413038, 'IVAN SANTOSA', '[Panitia - Konsumsi]'),
(355, 26413033, 'STEVEN JONATHAN HANS', '[Panitia - Kesehatan]'),
(356, 21414060, 'VELA RISMILA', '[Panitia - Kesehatan]'),
(357, 22414147, 'ELLEN CALISTA DEVI SANJAYA', '[Panitia - Kesehatan]'),
(358, 22414097, 'CLAUDIA LEVINA', '[Panitia - Kesehatan]'),
(359, 41414066, 'MIA ARIANTI NURIMAN', '[Panitia - Kesehatan]'),
(360, 33414042, 'MILA CHRISTINA SUTIKNO', '[Panitia - Kesehatan]'),
(361, 51414075, 'INGRID CLARISSA DELLA SETIAWAN', '[Panitia - Kesehatan]'),
(362, 31414076, 'MALVIN FEBRIAN', '[Panitia - Kesehatan]'),
(363, 26415051, 'RANDY NUGRAHA TEDJAKUSUMA', '[Panitia - Kesehatan]'),
(364, 41415005, 'ANGELICA WIDJAJA', '[Panitia - Kesehatan]'),
(365, 35415032, 'SHEKINAH CINDY KARTIKASARI', '[Panitia - Kesehatan]'),
(366, 32414067, 'KENNY', '[Panitia - Kesehatan]'),
(367, 21414027, 'CALVIN FENDYANTO', '[Panitia - Kesehatan]'),
(368, 12414009, 'YULIA YESSICA', '[Panitia - Kesehatan]'),
(369, 31415177, 'ANASTASIA NABELLA SUDJOKO', '[Panitia - Kesehatan]'),
(370, 41415033, 'DINDA GERALDINE CLAUDIA', '[Panitia - Kesehatan]'),
(371, 42415063, 'CLAUDIA CHRISTANTO', '[Panitia - Kesehatan]'),
(372, 24415028, 'BENNY PUTRA UTOMO', '[Panitia - Kesehatan]'),
(373, 25415037, 'ANCELLOTI ALESSANDRO', '[Panitia - Kesehatan]'),
(374, 37415120, 'ANTHONY SANTOSO', '[Panitia - Kesehatan]'),
(375, 25415078, 'WIJAYA WARDHANA GUNAWAN', '[Panitia - Kesehatan]'),
(376, 42415182, 'CELINE JARDINIA TANUWIDJAJA', '[Panitia - Kesehatan]'),
(377, 31415176, 'MICHELLE WINNIE TANUWIJAYA', '[Panitia - Kesehatan]'),
(378, 22415007, 'IMA NIANTIARA PUTRI', '[Panitia - Kesehatan]'),
(379, 41415165, 'ERLINA KURNIA CHANDRA', '[Panitia - Kesehatan]'),
(380, 41415049, 'LAURENSIA DEVINA WIJAYA', '[Panitia - Kesehatan]'),
(381, 41414135, 'YESHUA MONICA PAULINESYA', '[Panitia - Kesehatan]'),
(382, 26415163, 'YUAN PRATAMA', '[Panitia - Kesehatan]'),
(383, 32414145, 'ANDY YUSUF SUSANTO', '[Panitia - Kesehatan]'),
(384, 51415091, 'ANNO DOMINI MUSKANAN', '[Panitia - Kesehatan]'),
(385, 51415096, 'SHELLA EUNICE PURMIASA', '[Panitia - Kesehatan]'),
(386, 25415092, 'CHARLES ONGKO WIJOYO', '[Panitia - Kesehatan]'),
(387, 22414084, 'ROBERT PRAYUGO', '[Panitia - Kesehatan]'),
(388, 21414058, 'MONICA BEATRICK WINEKE', '[Panitia - Kesehatan]'),
(389, 22413032, 'AUGUSTA ESMERALDA', '[Panitia - Kesehatan]'),
(390, 21415101, 'ANDREAS PRAMONO SETIAWAN', '[Panitia - Kesehatan]'),
(391, 21413194, 'JOSHUA WIJAYA', '[Panitia - Keamanan]'),
(392, 25414058, 'RICKY SETIAWAN HARTANTO', '[Panitia - Keamanan]'),
(393, 25414007, 'NATASAH BUNARDI', '[Panitia - Keamanan]'),
(394, 22414006, 'ARNET FERCIA', '[Panitia - Keamanan]'),
(395, 35413027, 'ADINE BENEDICTA WIJAYA', '[Panitia - Keamanan]'),
(396, 21415163, 'NIKO KURNIAWAN YAN PUTRA', '[Panitia - Keamanan]'),
(397, 22415017, 'KEVIN CHRISTIANTO', '[Panitia - Keamanan]'),
(398, 41415061, 'IVONNE SUGIANTO', '[Panitia - Keamanan]'),
(399, 21413087, 'WILLSON', '[Panitia - Keamanan]'),
(400, 34414055, 'KENNY SANTOSO', '[Panitia - Keamanan]'),
(401, 51415017, 'CITRA FANY SAMPARAYA', '[Panitia - Keamanan]'),
(402, 33414113, 'NATHANIA SELLA SURYAWAN', '[Panitia - Keamanan]'),
(403, 41415164, 'MEILISA DEWI', '[Panitia - Keamanan]'),
(404, 37414067, 'GARRET JEREMY ', '[Panitia - Keamanan]'),
(405, 21415049, 'JESICA TJANDRANEGARA', '[Panitia - Keamanan]'),
(406, 21414020, 'VICTOR WINATA PRANOTO', '[Panitia - Keamanan]'),
(407, 22415054, 'FELIX ANDIKA WICAKSONO', '[Panitia - Keamanan]'),
(408, 25415046, 'DANIEL PRATAMA', '[Panitia - Keamanan]'),
(409, 26415175, 'ALBERT EDWILLIAN PRATOMO', '[Panitia - Keamanan]'),
(410, 32415177, 'CHENNY GOZALI', '[Panitia - Keamanan]'),
(411, 51415034, 'ZHERLINDA KURNIAWAN', '[Panitia - Keamanan]'),
(412, 41415148, 'OLIVIA RENATA KUSWANDI', '[Panitia - Keamanan]'),
(413, 33415055, 'VENNY', '[Panitia - Keamanan]'),
(414, 33415110, 'LAURENCIA MELINDA', '[Panitia - Keamanan]'),
(415, 41414028, 'DAVID PRAMUDITA SANTOSO', '[Panitia - Keamanan]'),
(416, 26415167, 'YANES ROBERT YESKA KAKIHARY', '[Panitia - Keamanan]'),
(417, 25415057, 'JONATHAN EDWARD', '[Panitia - Keamanan]'),
(418, 22414067, 'DAVID SETIAWAN SANJAYA', '[Panitia - Keamanan]'),
(419, 42415088, 'GO VAL WILLSON', '[Panitia - Keamanan]'),
(420, 51415087, 'JESIKA KHUANA', '[Panitia - Keamanan]'),
(421, 41415092, 'SAVITRI KARTIKA DEWI', '[Panitia - Keamanan]'),
(422, 51415030, 'LIVI LOIN', '[Panitia - Keamanan]'),
(423, 42415023, 'SAMANTHA AMY PRADIPTA', '[Panitia - Keamanan]'),
(424, 21414233, 'ALBERTO ORSON ONGKOWIDJOJO', '[Panitia - Keamanan]'),
(425, 33415150, 'RUBEN DAVY SETYAWAN', '[Panitia - Keamanan]'),
(426, 22414130, 'TOMMY LOKITO', '[Panitia - Keamanan]'),
(427, 21414019, 'YUDI SANJAYA', '[Panitia - Keamanan]'),
(428, 22414108, 'BRIYAN PUTRA PRATAMA', '[Panitia - Keamanan]'),
(429, 35415010, 'DEVINA CHANDRA', '[Panitia - Keamanan]'),
(430, 33415132, 'FERA ANJANI SUTANDRIO', '[Panitia - Keamanan]'),
(431, 37415046, 'MICHELLE ATALYA SOELEMAN', '[Panitia - Keamanan]'),
(432, 51415035, 'IKA PUTRI WIJAYA', '[Panitia - Keamanan]'),
(433, 51415024, 'PAMELA ANDEATA', '[Panitia - Keamanan]'),
(434, 21415160, 'RONNY GONDO HUDAYA', '[Panitia - Keamanan]'),
(435, 26413021, 'EPAPHRAS ERICSON THOMAS', '[Panitia - IT]'),
(436, 34415007, 'LANI DIANA', '[Panitia - IT]'),
(437, 32415153, 'AMANDA DEVI HARYANTO', '[Panitia - IT]'),
(438, 26415026, 'AARON DWI CAESAR OKTAVIANO', '[Panitia - IT]'),
(439, 26415058, 'BILLY JONATHAN', '[Panitia - IT]'),
(440, 26415039, 'KEVIN NYOTO SUSANTO', '[Panitia - IT]'),
(441, 26414062, 'WILSON MARK', '[Panitia - IT]'),
(442, 26414027, 'JOSEPH ALEXANDER BUDIARTO', '[Panitia - IT]'),
(443, 26413012, 'KRISTIARDY HANSEL G', '[Panitia - IT]'),
(444, 32414071, 'AILEEN NATALIA SUTEDJO', '[Panitia - IT]'),
(445, 33415062, 'LAURA ADELINE POEDJIONO', '[Panitia - IT]'),
(446, 34414017, 'CHYNTIA HARIJONO', '[Panitia - IT]'),
(447, 25413055, 'ROBIN JOVIAN WIGUNA', '[Panitia - Acara]'),
(448, 11414014, 'KEVIN MERCO AGASSI P', '[Panitia - Acara]'),
(449, 25414112, 'IVIANI WINOTO', '[Panitia - Acara]'),
(450, 21414005, 'EDWIN CHRISTIAN', '[Panitia - Acara]'),
(451, 51414004, 'OKTAVIANUS FILEMON TALLO', '[Panitia - Acara]'),
(452, 35414027, 'NETTY PERMATASARI', '[Panitia - Acara]'),
(453, 42414153, 'WILLIAM SETIABUDI', '[Panitia - Acara]'),
(454, 11415014, 'JOCELYN CLARISA', '[Panitia - Acara]'),
(455, 21414037, 'DIVAN REINALDO SUGIANTO', '[Panitia - Acara]'),
(456, 21414157, 'YONATAN SEPTIAN WIJAYA', '[Panitia - Acara]'),
(457, 21415087, 'GIOVANNI BUNARDI', '[Panitia - Acara]'),
(458, 23415009, 'DANNAEZAR', '[Panitia - Acara]'),
(459, 25415029, 'TANIA NANO CAHYONO', '[Panitia - Acara]'),
(460, 25415087, 'STANLEY, LORINANTO', '[Panitia - Acara]'),
(461, 32414049, 'BETARIA PRISKA KRISTYANI WIBISONO', '[Panitia - Acara]'),
(462, 32415110, 'SARAH FEBE ANGELINA', '[Panitia - Acara]'),
(463, 32415139, 'DEA JOVITA HARTANTO', '[Panitia - Acara]'),
(464, 32415184, 'YOSEFIN KARINA', '[Panitia - Acara]'),
(465, 32415191, 'FANNIE FELITA SETIAWAN', '[Panitia - Acara]'),
(466, 32415237, 'VANESA THERESA SAPUTRA', '[Panitia - Acara]'),
(467, 33415192, 'MARCELLA CAROLINE JAYA', '[Panitia - Acara]'),
(468, 35415053, 'FRANSISKUS', '[Panitia - Acara]'),
(469, 36415028, 'STEFANIE ADELIA', '[Panitia - Acara]'),
(470, 41415034, 'SHEILLY YULIANI', '[Panitia - Acara]'),
(471, 41415120, 'JESSICA CHRISTINA SUGIANTO', '[Panitia - Acara]'),
(472, 42415108, 'BERNADETTE LIVIA ANGOUW', '[Panitia - Acara]'),
(473, 51415007, 'HANS CHRISTIAN', '[Panitia - Acara]'),
(474, 51415025, 'NATHANIA ENNITA HIUWANTO', '[Panitia - Acara]'),
(475, 51415040, 'GABRIEL MALINDA FRANCINE PANJAITAN', '[Panitia - Acara]'),
(476, 51415080, 'LISA ALMASIH', '[Panitia - Acara]'),
(477, 51415109, 'JANICE KURNIAWAN', '[Panitia - Acara]'),
(478, 37414048, 'CORNELIUS HANSEN', '[Panitia - Acara]'),
(479, 26415065, 'KEZIA YEDUTUN', '[Panitia - Peran]'),
(480, 36413029, 'WIMPI SUGENG SUYITNO', '[Panitia - Peran]'),
(481, 33414118, 'STEFANY BAYU', '[Panitia - Peran]');

-- --------------------------------------------------------

--
-- Table structure for table `mhs_absen`
--

CREATE TABLE IF NOT EXISTS `mhs_absen` (
  `id` int(11) NOT NULL AUTO_INCREMENT,
  `nrp` int(8) NOT NULL,
  `id_keg` int(4) NOT NULL,
  `tanggal` timestamp NOT NULL DEFAULT CURRENT_TIMESTAMP,
  PRIMARY KEY (`id`),
  KEY `fk_mhs_keg` (`id_keg`)
) ENGINE=InnoDB  DEFAULT CHARSET=latin1 AUTO_INCREMENT=2198 ;

--
-- Dumping data for table `mhs_absen`
--

INSERT INTO `mhs_absen` (`id`, `nrp`, `id_keg`, `tanggal`) VALUES
(1, 26413021, 3, '2016-05-03 22:07:07'),
(2, 26413012, 3, '2016-05-04 02:09:38'),
(3, 32415153, 3, '2016-05-04 02:28:54'),
(4, 32415184, 3, '2016-05-04 02:44:18'),
(5, 22415096, 3, '2016-05-04 02:44:54'),
(6, 21415134, 3, '2016-05-04 02:45:06'),
(7, 41414007, 3, '2016-05-04 02:45:35'),
(8, 31415044, 3, '2016-05-04 02:46:27'),
(9, 41414009, 3, '2016-05-04 02:47:41'),
(10, 33414054, 3, '2016-05-04 02:48:03'),
(11, 42415088, 3, '2016-05-04 02:48:20'),
(12, 37414067, 3, '2016-05-04 02:48:30'),
(13, 34414017, 3, '2016-05-04 02:48:52'),
(14, 11415014, 3, '2016-05-04 02:48:53'),
(15, 32415139, 3, '2016-05-04 02:49:05'),
(16, 21414133, 3, '2016-05-04 02:49:10'),
(17, 51415025, 3, '2016-05-04 02:49:27'),
(18, 36415075, 3, '2016-05-04 02:50:01'),
(19, 25415025, 3, '2016-05-04 02:50:13'),
(20, 41415092, 3, '2016-05-04 02:50:42'),
(21, 34414055, 3, '2016-05-04 02:51:13'),
(22, 51415034, 3, '2016-05-04 02:53:17'),
(23, 41415148, 3, '2016-05-04 02:54:41'),
(24, 12415020, 3, '2016-05-04 02:56:39'),
(25, 12415002, 3, '2016-05-04 02:57:22'),
(26, 36413072, 3, '2016-05-04 02:57:23'),
(27, 51415087, 3, '2016-05-04 02:57:57'),
(28, 42415087, 3, '2016-05-04 02:59:08'),
(29, 26413112, 3, '2016-05-04 02:59:56'),
(30, 25413055, 3, '2016-05-04 03:00:20'),
(31, 51415022, 3, '2016-05-04 03:04:48'),
(32, 25415087, 3, '2016-05-04 03:04:53'),
(33, 25415029, 3, '2016-05-04 03:05:02'),
(34, 23415009, 3, '2016-05-04 03:05:37'),
(35, 42414153, 3, '2016-05-04 03:06:29'),
(36, 21415087, 3, '2016-05-04 03:07:29'),
(37, 41415034, 3, '2016-05-04 03:09:01'),
(38, 37415058, 3, '2016-05-04 03:09:42'),
(39, 32415179, 3, '2016-05-04 03:10:00'),
(40, 31415175, 3, '2016-05-04 03:10:03'),
(41, 25415075, 3, '2016-05-04 03:10:25'),
(42, 25415081, 3, '2016-05-04 03:13:02'),
(43, 25415077, 3, '2016-05-04 03:13:07'),
(44, 32415025, 3, '2016-05-04 03:13:52'),
(45, 31415201, 3, '2016-05-04 03:13:59'),
(46, 24414055, 3, '2016-05-04 03:14:53'),
(47, 26414045, 3, '2016-05-04 03:15:10'),
(48, 22415086, 3, '2016-05-04 03:16:32'),
(49, 22415105, 3, '2016-05-04 03:16:36'),
(50, 22415094, 3, '2016-05-04 03:16:37'),
(51, 41415121, 3, '2016-05-04 03:16:41'),
(52, 22415132, 3, '2016-05-04 03:16:42'),
(53, 22415018, 3, '2016-05-04 03:16:43'),
(54, 26415178, 3, '2016-05-04 03:16:46'),
(55, 26415003, 3, '2016-05-04 03:16:49'),
(56, 26415114, 3, '2016-05-04 03:16:50'),
(57, 42414010, 3, '2016-05-04 03:17:14'),
(58, 42414045, 3, '2016-05-04 03:17:18'),
(59, 42415184, 3, '2016-05-04 03:17:29'),
(60, 31415198, 3, '2016-05-04 03:17:30'),
(61, 24415068, 3, '2016-05-04 03:17:38'),
(62, 24415093, 3, '2016-05-04 03:17:44'),
(63, 24415054, 3, '2016-05-04 03:17:54'),
(64, 24415070, 3, '2016-05-04 03:17:56'),
(65, 24414064, 3, '2016-05-04 03:17:58'),
(66, 24415021, 3, '2016-05-04 03:18:00'),
(67, 26415106, 3, '2016-05-04 03:18:22'),
(68, 41415063, 3, '2016-05-04 03:18:23'),
(69, 51415024, 3, '2016-05-04 03:18:27'),
(70, 21415049, 3, '2016-05-04 03:18:42'),
(71, 35415010, 3, '2016-05-04 03:18:46'),
(72, 37415046, 3, '2016-05-04 03:18:49'),
(73, 23415004, 3, '2016-05-04 03:18:50'),
(74, 25415046, 3, '2016-05-04 03:18:52'),
(75, 23415008, 3, '2016-05-04 03:18:52'),
(76, 33415150, 3, '2016-05-04 03:18:55'),
(77, 21414019, 3, '2016-05-04 03:18:55'),
(78, 21415160, 3, '2016-05-04 03:18:59'),
(79, 22415054, 3, '2016-05-04 03:19:03'),
(80, 36413070, 3, '2016-05-04 03:19:07'),
(81, 51415030, 3, '2016-05-04 03:19:07'),
(82, 22414099, 3, '2016-05-04 03:19:10'),
(83, 37415118, 3, '2016-05-04 03:19:13'),
(84, 33415110, 3, '2016-05-04 03:19:15'),
(85, 33413057, 3, '2016-05-04 03:19:16'),
(86, 32415177, 3, '2016-05-04 03:19:16'),
(87, 37414040, 3, '2016-05-04 03:19:18'),
(88, 51413008, 3, '2016-05-04 03:19:19'),
(89, 41415164, 3, '2016-05-04 03:19:19'),
(90, 33415132, 3, '2016-05-04 03:19:23'),
(91, 33415194, 3, '2016-05-04 03:19:27'),
(92, 51415035, 3, '2016-05-04 03:19:28'),
(93, 21415163, 3, '2016-05-04 03:19:33'),
(94, 33415188, 3, '2016-05-04 03:19:34'),
(95, 26415167, 3, '2016-05-04 03:19:35'),
(96, 32414082, 3, '2016-05-04 03:19:36'),
(97, 32414050, 3, '2016-05-04 03:19:42'),
(98, 21413087, 3, '2016-05-04 03:19:45'),
(99, 32414127, 3, '2016-05-04 03:19:46'),
(100, 21414233, 3, '2016-05-04 03:19:48'),
(101, 51415064, 3, '2016-05-04 03:19:50'),
(102, 25415057, 3, '2016-05-04 03:19:52'),
(103, 22415017, 3, '2016-05-04 03:19:54'),
(104, 51415067, 3, '2016-05-04 03:19:55'),
(105, 21414007, 3, '2016-05-04 03:19:57'),
(106, 35415057, 3, '2016-05-04 03:19:58'),
(107, 32415079, 3, '2016-05-04 03:20:01'),
(108, 21415079, 3, '2016-05-04 03:20:03'),
(109, 21415142, 3, '2016-05-04 03:20:06'),
(110, 21414047, 3, '2016-05-04 03:20:08'),
(111, 21414042, 3, '2016-05-04 03:20:10'),
(112, 21415117, 3, '2016-05-04 03:20:10'),
(113, 21415005, 3, '2016-05-04 03:20:14'),
(114, 21415006, 3, '2016-05-04 03:20:16'),
(115, 51414007, 3, '2016-05-04 03:20:18'),
(116, 51415047, 3, '2016-05-04 03:20:20'),
(117, 51415018, 3, '2016-05-04 03:20:23'),
(118, 51415020, 3, '2016-05-04 03:20:26'),
(119, 21415011, 3, '2016-05-04 03:20:28'),
(120, 21415045, 3, '2016-05-04 03:20:30'),
(121, 21415007, 3, '2016-05-04 03:20:32'),
(122, 26415061, 3, '2016-05-04 03:20:40'),
(123, 21415036, 3, '2016-05-04 03:20:40'),
(124, 21415092, 3, '2016-05-04 03:20:42'),
(125, 26415058, 3, '2016-05-04 03:20:43'),
(126, 32415226, 3, '2016-05-04 03:20:45'),
(127, 41415138, 3, '2016-05-04 03:20:47'),
(128, 41415162, 3, '2016-05-04 03:20:50'),
(129, 41415042, 3, '2016-05-04 03:20:52'),
(130, 21415094, 3, '2016-05-04 03:20:55'),
(131, 21415097, 3, '2016-05-04 03:20:57'),
(132, 22415053, 3, '2016-05-04 03:21:00'),
(133, 21415120, 3, '2016-05-04 03:21:03'),
(134, 21415090, 3, '2016-05-04 03:21:06'),
(135, 22415058, 3, '2016-05-04 03:21:08'),
(136, 26414062, 3, '2016-05-04 03:21:08'),
(137, 22415015, 3, '2016-05-04 03:21:10'),
(138, 22415016, 3, '2016-05-04 03:21:12'),
(139, 26415026, 3, '2016-05-04 03:21:12'),
(140, 22415006, 3, '2016-05-04 03:21:14'),
(141, 22415071, 3, '2016-05-04 03:21:16'),
(142, 26415039, 3, '2016-05-04 03:21:17'),
(143, 12415009, 3, '2016-05-04 03:21:19'),
(144, 12415010, 3, '2016-05-04 03:21:21'),
(145, 22415023, 3, '2016-05-04 03:21:23'),
(146, 37415029, 3, '2016-05-04 03:21:23'),
(147, 22415082, 3, '2016-05-04 03:21:26'),
(148, 32415136, 3, '2016-05-04 03:21:27'),
(149, 22415043, 3, '2016-05-04 03:21:29'),
(150, 22415030, 3, '2016-05-04 03:21:30'),
(151, 33415062, 3, '2016-05-04 03:21:31'),
(152, 26415180, 3, '2016-05-04 03:21:35'),
(153, 22415077, 3, '2016-05-04 02:09:38'),
(154, 26415169, 3, '2016-05-04 03:21:37'),
(155, 35414009, 3, '2016-05-04 03:21:39'),
(156, 33415061, 3, '2016-05-04 03:21:40'),
(157, 33415096, 3, '2016-05-04 03:21:42'),
(158, 33415072, 3, '2016-05-04 03:21:44'),
(159, 33415127, 3, '2016-05-04 03:21:47'),
(160, 37415101, 3, '2016-05-04 03:21:47'),
(161, 22415088, 3, '2016-05-04 03:21:48'),
(162, 33415098, 3, '2016-05-04 03:21:57'),
(163, 33415085, 3, '2016-05-04 03:21:59'),
(164, 36415060, 3, '2016-05-04 03:22:02'),
(165, 33414032, 3, '2016-05-04 03:22:04'),
(166, 22415114, 3, '2016-05-04 03:22:13'),
(167, 33414179, 3, '2016-05-04 03:22:14'),
(168, 32414030, 3, '2016-05-04 03:22:19'),
(169, 22415106, 3, '2016-05-04 03:22:25'),
(170, 51414064, 3, '2016-05-04 03:22:26'),
(171, 22415149, 3, '2016-05-04 03:22:30'),
(172, 51414041, 3, '2016-05-04 03:22:31'),
(173, 22415147, 3, '2016-05-04 03:22:34'),
(174, 21415021, 3, '2016-05-04 03:22:34'),
(175, 22415150, 3, '2016-05-04 03:22:35'),
(176, 21415078, 3, '2016-05-04 03:22:39'),
(177, 37415056, 3, '2016-05-04 03:22:40'),
(178, 37415009, 3, '2016-05-04 03:22:41'),
(179, 36415015, 3, '2016-05-04 03:22:42'),
(180, 21415024, 3, '2016-05-04 03:22:43'),
(181, 21415059, 3, '2016-05-04 03:22:46'),
(182, 36415068, 3, '2016-05-04 03:22:48'),
(183, 36415041, 3, '2016-05-04 03:22:50'),
(184, 22415005, 3, '2016-05-04 03:22:50'),
(185, 12415008, 3, '2016-05-04 03:22:52'),
(186, 32415046, 3, '2016-05-04 03:22:55'),
(187, 32415020, 3, '2016-05-04 03:22:56'),
(188, 32415163, 3, '2016-05-04 03:23:00'),
(189, 22415026, 3, '2016-05-04 03:23:01'),
(190, 26415027, 3, '2016-05-04 03:23:02'),
(191, 21414050, 3, '2016-05-04 03:23:06'),
(192, 33415168, 3, '2016-05-04 03:23:08'),
(193, 32415174, 3, '2016-05-04 03:23:09'),
(194, 22415113, 3, '2016-05-04 03:23:10'),
(195, 41414082, 3, '2016-05-04 03:23:12'),
(196, 26415128, 3, '2016-05-04 03:23:13'),
(197, 41414052, 3, '2016-05-04 03:23:15'),
(198, 26415048, 3, '2016-05-04 03:23:15'),
(199, 35414051, 3, '2016-05-04 03:23:16'),
(200, 35414007, 3, '2016-05-04 03:23:19'),
(201, 21414082, 3, '2016-05-04 03:23:20'),
(202, 41415107, 3, '2016-05-04 03:23:23'),
(203, 32415250, 3, '2016-05-04 03:23:27'),
(204, 42414113, 3, '2016-05-04 03:23:29'),
(205, 21414135, 3, '2016-05-04 03:23:32'),
(206, 23415026, 3, '2016-05-04 03:23:33'),
(207, 21414163, 3, '2016-05-04 03:23:34'),
(208, 35414013, 3, '2016-05-04 03:23:37'),
(209, 51415092, 3, '2016-05-04 03:23:37'),
(210, 22413130, 3, '2016-05-04 03:23:39'),
(211, 24414021, 3, '2016-05-04 03:23:40'),
(212, 24415061, 3, '2016-05-04 03:23:42'),
(213, 22415137, 3, '2016-05-04 03:23:44'),
(214, 35415050, 3, '2016-05-04 03:23:45'),
(215, 25413038, 3, '2016-05-04 03:23:48'),
(216, 35415062, 3, '2016-05-04 03:23:49'),
(217, 21414125, 3, '2016-05-04 03:23:49'),
(218, 32415049, 3, '2016-05-04 03:23:51'),
(219, 11415061, 3, '2016-05-04 03:23:52'),
(220, 21415183, 3, '2016-05-04 03:23:52'),
(221, 32414027, 3, '2016-05-04 03:23:54'),
(222, 32415238, 3, '2016-05-04 03:23:56'),
(223, 42415014, 3, '2016-05-04 03:23:59'),
(224, 33415179, 3, '2016-05-04 03:23:59'),
(225, 26415135, 3, '2016-05-04 03:24:01'),
(226, 32415145, 3, '2016-05-04 03:24:01'),
(227, 37415094, 3, '2016-05-04 03:24:03'),
(228, 23415001, 3, '2016-05-04 03:24:04'),
(229, 11415071, 3, '2016-05-04 03:24:06'),
(230, 22413032, 3, '2016-05-04 03:24:07'),
(231, 42415182, 3, '2016-05-04 03:24:09'),
(232, 26415051, 3, '2016-05-04 03:24:10'),
(233, 21415108, 3, '2016-05-04 03:24:13'),
(234, 51415091, 3, '2016-05-04 03:24:15'),
(235, 26414104, 3, '2016-05-04 03:24:17'),
(236, 12414002, 3, '2016-05-04 03:24:19'),
(237, 12414011, 3, '2016-05-04 03:24:22'),
(238, 35415032, 3, '2016-05-04 03:24:22'),
(239, 21414092, 3, '2016-05-04 03:24:24'),
(240, 21414078, 3, '2016-05-04 03:24:27'),
(241, 26415112, 3, '2016-05-04 03:24:29'),
(242, 22414084, 3, '2016-05-04 03:24:29'),
(243, 25415078, 3, '2016-05-04 03:24:31'),
(244, 25415092, 3, '2016-05-04 03:24:33'),
(245, 26415163, 3, '2016-05-04 03:24:35'),
(246, 25415037, 3, '2016-05-04 03:24:37'),
(247, 21415101, 3, '2016-05-04 03:24:39'),
(248, 21414027, 3, '2016-05-04 03:24:42'),
(249, 22414108, 3, '2016-05-04 03:24:42'),
(250, 37415120, 3, '2016-05-04 03:24:45'),
(251, 24415028, 3, '2016-05-04 03:24:46'),
(252, 31414076, 3, '2016-05-04 03:24:46'),
(253, 32414067, 3, '2016-05-04 03:24:49'),
(254, 32414145, 3, '2016-05-04 03:24:51'),
(255, 51415041, 3, '2016-05-04 03:24:54'),
(256, 51415109, 3, '2016-05-04 03:24:56'),
(257, 51415040, 3, '2016-05-04 03:24:59'),
(258, 51415017, 3, '2016-05-04 03:25:00'),
(259, 51415080, 3, '2016-05-04 03:25:00'),
(260, 32415178, 3, '2016-05-04 03:25:03'),
(261, 41414041, 3, '2016-05-04 03:25:05'),
(262, 24414033, 3, '2016-05-04 03:25:07'),
(263, 21414137, 3, '2016-05-04 03:25:09'),
(264, 33414112, 3, '2016-05-04 03:25:09'),
(265, 21414048, 3, '2016-05-04 03:25:12'),
(266, 37415088, 3, '2016-05-04 03:25:13'),
(267, 26415037, 3, '2016-05-04 03:25:14'),
(268, 26415089, 3, '2016-05-04 03:25:16'),
(269, 32415202, 3, '2016-05-04 03:25:16'),
(270, 31415161, 3, '2016-05-04 03:25:18'),
(271, 22415112, 3, '2016-05-04 03:25:23'),
(272, 26415081, 3, '2016-05-04 03:25:25'),
(273, 26415147, 3, '2016-05-04 03:25:28'),
(274, 26415154, 3, '2016-05-04 03:25:31'),
(275, 41415059, 3, '2016-05-04 03:25:34'),
(276, 26415055, 3, '2016-05-04 03:25:34'),
(277, 42415072, 3, '2016-05-04 03:25:35'),
(278, 21415216, 3, '2016-05-04 03:25:35'),
(279, 42414066, 3, '2016-05-04 03:25:37'),
(280, 23415002, 3, '2016-05-04 03:25:38'),
(281, 22414107, 3, '2016-05-04 03:25:39'),
(282, 42415006, 3, '2016-05-04 03:25:41'),
(283, 41415053, 3, '2016-05-04 03:25:41'),
(284, 22413036, 3, '2016-05-04 03:25:44'),
(285, 11415038, 3, '2016-05-04 03:25:44'),
(286, 42415008, 3, '2016-05-04 03:25:46'),
(287, 42415069, 3, '2016-05-04 03:25:48'),
(288, 22414055, 3, '2016-05-04 03:25:48'),
(289, 41415009, 3, '2016-05-04 03:25:49'),
(290, 21413049, 3, '2016-05-04 03:25:51'),
(291, 22415051, 3, '2016-05-04 03:25:52'),
(292, 42414083, 3, '2016-05-04 03:25:53'),
(293, 33415112, 3, '2016-05-04 03:25:55'),
(294, 33413109, 3, '2016-05-04 03:26:01'),
(295, 42413102, 3, '2016-05-04 03:26:03'),
(296, 22413132, 3, '2016-05-04 03:26:12'),
(297, 26413119, 3, '2016-05-04 03:26:15'),
(298, 42414034, 3, '2016-05-04 03:26:18'),
(299, 33413158, 3, '2016-05-04 03:26:21'),
(300, 26414027, 3, '2016-05-04 03:26:24'),
(301, 11413009, 3, '2016-05-04 03:26:40'),
(302, 21413168, 3, '2016-05-04 03:26:56'),
(303, 37414048, 3, '2016-05-04 03:27:34'),
(304, 22414006, 3, '2016-05-04 03:27:40'),
(305, 33414113, 3, '2016-05-04 03:27:40'),
(306, 35413027, 3, '2016-05-04 03:27:43'),
(307, 22415072, 3, '2016-05-04 03:28:24'),
(308, 22415047, 3, '2016-05-04 03:28:24'),
(309, 33415192, 3, '2016-05-04 03:28:33'),
(310, 32414071, 3, '2016-05-04 02:09:38'),
(311, 24415008, 3, '2016-05-04 02:09:38'),
(312, 41415033, 3, '2016-05-04 03:30:19'),
(313, 21414157, 3, '2016-05-04 02:09:38'),
(314, 24415004, 3, '2016-05-04 02:09:38'),
(315, 26415095, 3, '2016-05-04 02:09:38'),
(316, 22415040, 3, '2016-05-04 02:09:38'),
(317, 22415029, 3, '2016-05-04 02:09:38'),
(318, 22415075, 3, '2016-05-04 02:09:38'),
(319, 21415172, 3, '2016-05-04 02:09:38'),
(320, 21415193, 3, '2016-05-04 02:09:38'),
(321, 21415099, 3, '2016-05-04 02:09:38'),
(322, 21415026, 3, '2016-05-04 02:09:38'),
(323, 21415127, 3, '2016-05-04 02:09:38'),
(324, 21415061, 3, '2016-05-04 02:09:38'),
(325, 21415201, 3, '2016-05-04 02:09:38'),
(326, 51415112, 3, '2016-05-04 02:09:38'),
(327, 22414050, 3, '2016-05-04 02:09:38'),
(328, 51414031, 3, '2016-05-04 02:09:38'),
(329, 11415055, 3, '2016-05-04 02:09:38'),
(330, 12414003, 3, '2016-05-04 02:09:38'),
(331, 31415199, 3, '2016-05-04 02:09:38'),
(332, 31414025, 3, '2016-05-04 02:09:38'),
(333, 22414081, 3, '2016-05-04 03:33:28'),
(334, 31413134, 3, '2016-05-04 02:09:38'),
(335, 51415055, 3, '2016-05-04 02:09:38'),
(336, 26415160, 3, '2016-05-04 02:09:38'),
(337, 26415183, 3, '2016-05-04 02:09:38'),
(338, 36414066, 3, '2016-05-04 02:09:38'),
(339, 22414040, 3, '2016-05-04 03:34:34'),
(340, 25415049, 3, '2016-05-04 02:09:38'),
(341, 22414091, 3, '2016-05-04 03:35:02'),
(342, 22414014, 3, '2016-05-04 03:35:11'),
(343, 41414100, 3, '2016-05-04 03:35:16'),
(344, 25415105, 3, '2016-05-04 02:09:38'),
(345, 25415001, 3, '2016-05-04 02:09:38'),
(346, 25413010, 3, '2016-05-04 02:09:38'),
(347, 25413045, 3, '2016-05-04 02:09:38'),
(348, 21414158, 3, '2016-05-04 02:09:38'),
(349, 21414028, 3, '2016-05-04 02:09:38'),
(350, 21414118, 3, '2016-05-04 02:09:38'),
(351, 22414088, 3, '2016-05-04 02:09:38'),
(352, 22414155, 3, '2016-05-04 02:09:38'),
(353, 22414161, 3, '2016-05-04 02:09:38'),
(354, 22414114, 3, '2016-05-04 02:09:38'),
(355, 22414092, 3, '2016-05-04 03:36:54'),
(356, 42415004, 3, '2016-05-04 02:09:38'),
(357, 21413056, 3, '2016-05-04 03:37:31'),
(358, 42415157, 3, '2016-05-04 02:09:38'),
(359, 42415060, 3, '2016-05-04 02:09:38'),
(360, 42415024, 3, '2016-05-04 02:09:38'),
(361, 42415112, 3, '2016-05-04 02:09:38'),
(362, 37414024, 3, '2016-05-04 03:39:17'),
(363, 22414045, 3, '2016-05-04 03:39:24'),
(364, 42415119, 3, '2016-05-04 02:09:38'),
(365, 33415100, 3, '2016-05-04 02:09:38'),
(366, 33415133, 3, '2016-05-04 02:09:38'),
(367, 37415108, 3, '2016-05-04 02:09:38'),
(368, 51415081, 3, '2016-05-04 02:09:38'),
(369, 11415069, 3, '2016-05-04 02:09:38'),
(370, 33415160, 3, '2016-05-04 02:09:38'),
(371, 21414210, 3, '2016-05-04 02:09:38'),
(372, 22415101, 3, '2016-05-04 02:09:38'),
(373, 32414074, 3, '2016-05-04 02:09:38'),
(374, 32414198, 3, '2016-05-04 03:42:16'),
(375, 26415126, 3, '2016-05-04 02:09:38'),
(376, 26414151, 3, '2016-05-04 02:09:38'),
(377, 32415001, 3, '2016-05-04 02:09:38'),
(378, 32415071, 3, '2016-05-04 02:09:38'),
(379, 32415123, 3, '2016-05-04 02:09:38'),
(380, 32415062, 3, '2016-05-04 02:09:38'),
(381, 41415147, 3, '2016-05-04 02:09:38'),
(382, 31415098, 3, '2016-05-04 02:09:38'),
(383, 32414141, 3, '2016-05-04 02:09:38'),
(384, 41414066, 3, '2016-05-04 02:09:38'),
(385, 41414135, 3, '2016-05-04 02:09:38'),
(386, 22414097, 3, '2016-05-04 02:09:38'),
(387, 21415238, 3, '2016-05-04 03:44:16'),
(388, 21414058, 3, '2016-05-04 02:09:38'),
(389, 42415063, 3, '2016-05-04 02:09:38'),
(390, 22415007, 3, '2016-05-04 02:09:38'),
(391, 21414060, 3, '2016-05-04 02:09:38'),
(392, 51414075, 3, '2016-05-04 02:09:38'),
(393, 31415177, 3, '2016-05-04 02:09:38'),
(394, 32414049, 3, '2016-05-04 03:44:41'),
(395, 12414009, 3, '2016-05-04 02:09:38'),
(396, 41415165, 3, '2016-05-04 02:09:38'),
(397, 41415005, 3, '2016-05-04 02:09:38'),
(398, 51415096, 3, '2016-05-04 02:09:38'),
(399, 26415175, 3, '2016-05-04 02:09:38'),
(400, 26414067, 3, '2016-05-04 02:09:38'),
(401, 12414017, 3, '2016-05-04 02:09:38'),
(402, 22414018, 3, '2016-05-04 02:09:38'),
(403, 33414051, 3, '2016-05-04 02:09:38'),
(404, 32415255, 3, '2016-05-04 02:09:38'),
(405, 41415061, 3, '2016-05-04 02:09:38'),
(406, 33415055, 3, '2016-05-04 02:09:38'),
(407, 42415141, 3, '2016-05-04 03:55:53'),
(408, 42415108, 3, '2016-05-04 04:28:29'),
(409, 36413070, 4, '2016-05-04 04:34:49'),
(410, 22415147, 4, '2016-05-04 04:35:02'),
(411, 32414088, 3, '2016-05-04 04:54:21'),
(412, 25414006, 3, '2016-05-04 04:59:38'),
(413, 25414112, 3, '2016-05-04 05:00:16'),
(414, 32414127, 4, '2016-05-04 05:02:30'),
(415, 21414210, 4, '2016-05-04 05:02:39'),
(416, 21414197, 4, '2016-05-04 05:02:49'),
(417, 32415163, 4, '2016-05-04 05:02:56'),
(418, 41415164, 4, '2016-05-04 05:03:04'),
(419, 23415009, 4, '2016-05-04 05:04:33'),
(420, 51415055, 4, '2016-05-04 05:04:48'),
(421, 25414064, 3, '2016-05-04 05:15:22'),
(422, 25414022, 3, '2016-05-04 05:15:25'),
(423, 25414097, 3, '2016-05-04 05:15:55'),
(424, 31415256, 3, '2016-05-04 05:17:02'),
(425, 34415033, 3, '2016-05-04 05:17:26'),
(426, 25415049, 4, '2016-05-04 05:17:58'),
(427, 33415188, 4, '2016-05-04 05:18:25'),
(428, 37415029, 4, '2016-05-04 05:18:34'),
(429, 22415088, 4, '2016-05-04 05:18:42'),
(430, 25414048, 3, '2016-05-04 05:24:01'),
(431, 25414058, 3, '2016-05-04 05:27:18'),
(432, 41414100, 4, '2016-05-04 05:29:04'),
(433, 25414030, 3, '2016-05-04 05:30:59'),
(434, 26415081, 4, '2016-05-04 05:33:34'),
(435, 22414067, 3, '2016-05-04 02:09:38'),
(436, 21414163, 4, '2016-05-04 05:52:54'),
(437, 25413038, 4, '2016-05-04 05:52:56'),
(438, 32414022, 4, '2016-05-04 05:53:00'),
(439, 22415113, 4, '2016-05-04 05:53:04'),
(440, 12415008, 4, '2016-05-04 05:53:05'),
(441, 22414045, 4, '2016-05-04 05:53:08'),
(442, 32415145, 4, '2016-05-04 05:53:14'),
(443, 32415049, 4, '2016-05-04 05:53:16'),
(444, 22415005, 4, '2016-05-04 05:53:26'),
(445, 21414050, 4, '2016-05-04 05:53:28'),
(446, 32414088, 4, '2016-05-04 05:53:29'),
(447, 35414007, 4, '2016-05-04 05:53:33'),
(448, 21414082, 4, '2016-05-04 05:53:35'),
(449, 26413012, 4, '2016-05-04 05:53:37'),
(450, 37415009, 4, '2016-05-04 05:53:38'),
(451, 26415027, 4, '2016-05-04 05:53:43'),
(452, 32414030, 4, '2016-05-04 05:53:49'),
(453, 22415026, 4, '2016-05-04 05:53:52'),
(454, 32415046, 4, '2016-05-04 05:53:52'),
(455, 35414051, 4, '2016-05-04 05:53:53'),
(456, 32415020, 4, '2016-05-04 05:53:57'),
(457, 41414082, 4, '2016-05-04 05:53:59'),
(458, 24415061, 4, '2016-05-04 05:54:02'),
(459, 33415168, 4, '2016-05-04 05:54:05'),
(460, 51414064, 4, '2016-05-04 05:54:09'),
(461, 41414052, 4, '2016-05-04 05:54:14'),
(462, 51414041, 4, '2016-05-04 05:54:20'),
(463, 32414027, 4, '2016-05-04 05:54:24'),
(464, 21414135, 4, '2016-05-04 05:54:31'),
(465, 42414113, 4, '2016-05-04 05:54:35'),
(466, 32415184, 4, '2016-05-04 05:54:36'),
(467, 33415160, 4, '2016-05-04 05:54:54'),
(468, 25415075, 4, '2016-05-04 05:55:07'),
(469, 22415096, 4, '2016-05-04 05:55:12'),
(470, 21415134, 4, '2016-05-04 05:55:23'),
(471, 41414007, 4, '2016-05-04 05:55:26'),
(472, 34414017, 4, '2016-05-04 05:55:46'),
(473, 25413055, 4, '2016-05-04 05:56:27'),
(474, 33415192, 4, '2016-05-04 05:56:35'),
(475, 41415034, 4, '2016-05-04 05:56:37'),
(476, 25414112, 4, '2016-05-04 05:56:39'),
(477, 51415040, 4, '2016-05-04 05:56:40'),
(478, 42415108, 4, '2016-05-04 05:56:44'),
(479, 32415139, 4, '2016-05-04 05:56:52'),
(480, 37414048, 4, '2016-05-04 05:56:54'),
(481, 32414049, 4, '2016-05-04 05:56:56'),
(482, 42414153, 4, '2016-05-04 05:56:59'),
(483, 21414157, 4, '2016-05-04 05:57:02'),
(484, 41415059, 4, '2016-05-04 05:57:12'),
(485, 21415087, 4, '2016-05-04 05:57:14'),
(486, 26414067, 4, '2016-05-04 05:57:15'),
(487, 21414005, 4, '2016-05-04 05:57:20'),
(488, 42413102, 4, '2016-05-04 05:57:23'),
(489, 22413036, 4, '2016-05-04 05:57:26'),
(490, 22414055, 4, '2016-05-04 05:57:28'),
(491, 26413119, 4, '2016-05-04 05:57:31'),
(492, 22413132, 4, '2016-05-04 05:57:34'),
(493, 42415141, 4, '2016-05-04 05:57:36'),
(494, 22414018, 4, '2016-05-04 05:57:38'),
(495, 12414017, 4, '2016-05-04 05:57:38'),
(496, 22415051, 4, '2016-05-04 05:57:40'),
(497, 33414051, 4, '2016-05-04 05:57:41'),
(498, 21415216, 4, '2016-05-04 05:57:42'),
(499, 42414034, 4, '2016-05-04 05:57:43'),
(500, 31415161, 4, '2016-05-04 05:57:44'),
(501, 42415072, 4, '2016-05-04 05:57:45'),
(502, 21413049, 4, '2016-05-04 05:57:46'),
(503, 22415112, 4, '2016-05-04 05:57:48'),
(504, 42414066, 4, '2016-05-04 05:57:50'),
(505, 33413109, 4, '2016-05-04 05:57:51'),
(506, 32414002, 4, '2016-05-04 05:57:52'),
(507, 26414027, 4, '2016-05-04 05:57:52'),
(508, 33415062, 4, '2016-05-04 05:57:54'),
(509, 41415053, 4, '2016-05-04 05:57:55'),
(510, 32415153, 4, '2016-05-04 05:57:56'),
(511, 23415002, 4, '2016-05-04 05:57:57'),
(512, 32414071, 4, '2016-05-04 05:57:57'),
(513, 34415033, 4, '2016-05-04 05:57:59'),
(514, 22414107, 4, '2016-05-04 05:58:01'),
(515, 33415112, 4, '2016-05-04 05:58:05'),
(516, 41415009, 4, '2016-05-04 05:58:07'),
(517, 11415038, 4, '2016-05-04 05:58:08'),
(518, 32415202, 4, '2016-05-04 05:58:10'),
(519, 42415069, 4, '2016-05-04 05:58:12'),
(520, 41415092, 4, '2016-05-04 05:58:13'),
(521, 42415008, 4, '2016-05-04 05:58:15'),
(522, 41415061, 4, '2016-05-04 05:58:17'),
(523, 33415055, 4, '2016-05-04 05:58:18'),
(524, 42415006, 4, '2016-05-04 05:58:20'),
(525, 41415148, 4, '2016-05-04 05:58:21'),
(526, 26415026, 4, '2016-05-04 05:58:21'),
(527, 37414067, 4, '2016-05-04 05:58:23'),
(528, 26415039, 4, '2016-05-04 05:58:24'),
(529, 26415058, 4, '2016-05-04 05:58:26'),
(530, 33414113, 4, '2016-05-04 05:58:27'),
(531, 51415030, 4, '2016-05-04 05:58:29'),
(532, 22414130, 4, '2016-05-04 05:58:32'),
(533, 42415088, 4, '2016-05-04 05:58:33'),
(534, 21414019, 4, '2016-05-04 05:58:36'),
(535, 26414062, 4, '2016-05-04 05:58:37'),
(536, 22414006, 4, '2016-05-04 05:58:38'),
(537, 22415017, 4, '2016-05-04 05:58:38'),
(538, 51415087, 4, '2016-05-04 05:58:44'),
(539, 22415054, 4, '2016-05-04 05:58:46'),
(540, 26415167, 4, '2016-05-04 05:58:47'),
(541, 51415034, 4, '2016-05-04 05:58:47'),
(542, 21415160, 4, '2016-05-04 05:58:48'),
(543, 21413087, 4, '2016-05-04 05:58:52'),
(544, 37415046, 4, '2016-05-04 05:58:53'),
(545, 21415049, 4, '2016-05-04 05:58:54'),
(546, 51415035, 4, '2016-05-04 05:58:56'),
(547, 51415017, 4, '2016-05-04 05:58:56'),
(548, 51415024, 4, '2016-05-04 05:58:58'),
(549, 25415057, 4, '2016-05-04 05:58:59'),
(550, 21415163, 4, '2016-05-04 05:59:01'),
(551, 25415046, 4, '2016-05-04 05:59:02'),
(552, 21414233, 4, '2016-05-04 05:59:02'),
(553, 32415178, 4, '2016-05-04 05:59:05'),
(554, 12415002, 4, '2016-05-04 05:59:07'),
(555, 35413027, 4, '2016-05-04 05:59:08'),
(556, 25415025, 4, '2016-05-04 05:59:09'),
(557, 11415055, 4, '2016-05-04 05:59:12'),
(558, 51415020, 4, '2016-05-04 05:59:12'),
(559, 26415183, 4, '2016-05-04 05:59:13'),
(560, 22415030, 4, '2016-05-04 05:59:15'),
(561, 42415087, 4, '2016-05-04 05:59:17'),
(562, 33414112, 4, '2016-05-04 05:59:17'),
(563, 41414041, 4, '2016-05-04 05:59:19'),
(564, 36415075, 4, '2016-05-04 05:59:19'),
(565, 33414054, 4, '2016-05-04 05:59:21'),
(566, 24414033, 4, '2016-05-04 05:59:23'),
(567, 37415088, 4, '2016-05-04 05:59:24'),
(568, 21415117, 4, '2016-05-04 05:59:26'),
(569, 41414009, 4, '2016-05-04 05:59:26'),
(570, 32415025, 4, '2016-05-04 05:59:28'),
(571, 24414055, 4, '2016-05-04 05:59:29'),
(572, 21414048, 4, '2016-05-04 05:59:32'),
(573, 21414137, 4, '2016-05-04 05:59:33'),
(574, 25414097, 4, '2016-05-04 05:59:35'),
(575, 21414133, 4, '2016-05-04 05:59:43'),
(576, 23415001, 4, '2016-05-04 05:59:49'),
(577, 21414125, 4, '2016-05-04 05:59:53'),
(578, 21415183, 4, '2016-05-04 06:00:01'),
(579, 21415108, 4, '2016-05-04 06:00:02'),
(580, 25414022, 4, '2016-05-04 06:00:02'),
(581, 22415137, 4, '2016-05-04 06:00:04'),
(582, 33415179, 4, '2016-05-04 06:00:04'),
(583, 26415112, 4, '2016-05-04 06:00:07'),
(584, 22413130, 4, '2016-05-04 06:00:08'),
(585, 21414092, 4, '2016-05-04 06:00:09'),
(586, 41415063, 4, '2016-05-04 06:00:10'),
(587, 21414078, 4, '2016-05-04 06:00:11'),
(588, 24414021, 4, '2016-05-04 06:00:12'),
(589, 12414011, 4, '2016-05-04 06:00:13'),
(590, 12415020, 4, '2016-05-04 06:00:14'),
(591, 26415106, 4, '2016-05-04 06:00:15'),
(592, 35414013, 4, '2016-05-04 06:00:16'),
(593, 23415004, 4, '2016-05-04 06:00:17'),
(594, 12414002, 4, '2016-05-04 06:00:18'),
(595, 51415022, 4, '2016-05-04 06:00:18'),
(596, 23415008, 4, '2016-05-04 06:00:19'),
(597, 32414198, 4, '2016-05-04 06:00:21'),
(598, 26413112, 4, '2016-05-04 06:00:24'),
(599, 26414104, 4, '2016-05-04 06:00:24'),
(600, 41415033, 4, '2016-05-04 06:00:43'),
(601, 12414009, 4, '2016-05-04 06:00:45'),
(602, 31415177, 4, '2016-05-04 06:00:48'),
(603, 37415120, 4, '2016-05-04 06:00:49'),
(604, 21414060, 4, '2016-05-04 06:00:50'),
(605, 22415007, 4, '2016-05-04 06:00:50'),
(606, 51414075, 4, '2016-05-04 06:00:51'),
(607, 41415049, 4, '2016-05-04 06:00:51'),
(608, 42415063, 4, '2016-05-04 06:00:53'),
(609, 41415165, 4, '2016-05-04 06:00:53'),
(610, 25415037, 4, '2016-05-04 06:00:54'),
(611, 24415028, 4, '2016-05-04 06:00:56'),
(612, 25415078, 4, '2016-05-04 06:00:57'),
(613, 31414076, 4, '2016-05-04 06:00:58'),
(614, 21414027, 4, '2016-05-04 06:00:59'),
(615, 26415051, 4, '2016-05-04 06:01:01'),
(616, 32414067, 4, '2016-05-04 06:01:05'),
(617, 32414145, 4, '2016-05-04 06:01:05'),
(618, 51415096, 4, '2016-05-04 06:01:06'),
(619, 26415163, 4, '2016-05-04 06:01:07'),
(620, 22414097, 4, '2016-05-04 06:01:09'),
(621, 21415101, 4, '2016-05-04 06:01:09'),
(622, 41415005, 4, '2016-05-04 06:01:12'),
(623, 51415091, 4, '2016-05-04 06:01:14'),
(624, 21414058, 4, '2016-05-04 06:01:16'),
(625, 41414066, 4, '2016-05-04 06:01:16'),
(626, 25415092, 4, '2016-05-04 06:01:17'),
(627, 42415182, 4, '2016-05-04 06:01:18'),
(628, 41414135, 4, '2016-05-04 06:01:20'),
(629, 22413032, 4, '2016-05-04 06:01:22'),
(630, 35415032, 4, '2016-05-04 06:01:22'),
(631, 22414084, 4, '2016-05-04 06:01:29'),
(632, 32415255, 4, '2016-05-04 06:01:41'),
(633, 37415118, 4, '2016-05-04 06:01:42'),
(634, 21415238, 4, '2016-05-04 06:01:46'),
(635, 26415037, 4, '2016-05-04 06:01:49'),
(636, 25414064, 4, '2016-05-04 06:01:56'),
(637, 22414014, 4, '2016-05-04 06:01:59'),
(638, 22414040, 4, '2016-05-04 06:02:00'),
(639, 22415072, 4, '2016-05-04 06:02:02'),
(640, 22414099, 4, '2016-05-04 06:02:02'),
(641, 33413057, 4, '2016-05-04 06:02:04'),
(642, 22415105, 4, '2016-05-04 06:02:05'),
(643, 22415077, 4, '2016-05-04 06:02:06'),
(644, 22415094, 4, '2016-05-04 06:02:08'),
(645, 51413008, 4, '2016-05-04 06:02:11'),
(646, 22415047, 4, '2016-05-04 06:02:11'),
(647, 21413168, 4, '2016-05-04 06:02:13'),
(648, 22415086, 4, '2016-05-04 06:02:15'),
(649, 21414158, 4, '2016-05-04 06:02:17'),
(650, 22414155, 4, '2016-05-04 06:02:20'),
(651, 33415194, 4, '2016-05-04 06:02:22'),
(652, 41415121, 4, '2016-05-04 06:02:24'),
(653, 32414197, 4, '2016-05-04 06:02:25'),
(654, 32414050, 4, '2016-05-04 06:02:27'),
(655, 22415018, 4, '2016-05-04 06:02:27'),
(656, 22414091, 4, '2016-05-04 06:02:29'),
(657, 22415132, 4, '2016-05-04 06:02:33'),
(658, 11415071, 4, '2016-05-04 06:02:35'),
(659, 51415067, 4, '2016-05-04 06:02:39'),
(660, 25414048, 4, '2016-05-04 06:02:41'),
(661, 51415064, 4, '2016-05-04 06:02:42'),
(662, 32414082, 4, '2016-05-04 06:02:43'),
(663, 37414040, 4, '2016-05-04 06:02:46'),
(664, 22414088, 4, '2016-05-04 06:02:47'),
(665, 26415003, 4, '2016-05-04 06:02:48'),
(666, 42415014, 4, '2016-05-04 06:02:49'),
(667, 26415095, 4, '2016-05-04 06:02:50'),
(668, 42415184, 4, '2016-05-04 06:02:51'),
(669, 35415057, 4, '2016-05-04 06:02:54'),
(670, 26415114, 4, '2016-05-04 06:02:55'),
(671, 26415160, 4, '2016-05-04 06:02:55'),
(672, 42414010, 4, '2016-05-04 06:02:58'),
(673, 21414118, 4, '2016-05-04 06:03:00'),
(674, 26415178, 4, '2016-05-04 06:03:01'),
(675, 21414028, 4, '2016-05-04 06:03:01'),
(676, 22415149, 4, '2016-05-04 06:03:11'),
(677, 22415150, 4, '2016-05-04 06:03:15'),
(678, 25414030, 4, '2016-05-04 06:03:17'),
(679, 22415040, 4, '2016-05-04 06:03:17'),
(680, 42414045, 4, '2016-05-04 06:03:18'),
(681, 33415061, 4, '2016-05-04 06:03:21'),
(682, 32415079, 4, '2016-05-04 06:03:22'),
(683, 42415004, 4, '2016-05-04 06:03:24'),
(684, 22414161, 4, '2016-05-04 06:03:24'),
(685, 22414114, 4, '2016-05-04 06:03:25'),
(686, 42415157, 4, '2016-05-04 06:03:25'),
(687, 51414007, 4, '2016-05-04 06:03:26'),
(688, 12415009, 4, '2016-05-04 06:03:28'),
(689, 32414074, 4, '2016-05-04 06:03:29'),
(690, 31415198, 4, '2016-05-04 06:03:30'),
(691, 22415075, 4, '2016-05-04 06:03:31'),
(692, 32414141, 4, '2016-05-04 06:03:33'),
(693, 22415029, 4, '2016-05-04 06:03:33'),
(694, 37415056, 4, '2016-05-04 06:03:34'),
(695, 24415004, 4, '2016-05-04 06:03:35'),
(696, 36415015, 4, '2016-05-04 06:03:36'),
(697, 36415041, 4, '2016-05-04 06:03:36'),
(698, 24415068, 4, '2016-05-04 06:03:38'),
(699, 36415068, 4, '2016-05-04 06:03:38'),
(700, 21415024, 4, '2016-05-04 06:03:39'),
(701, 21415059, 4, '2016-05-04 06:03:41'),
(702, 21415021, 4, '2016-05-04 06:03:43'),
(703, 33415127, 4, '2016-05-04 06:03:43'),
(704, 33415072, 4, '2016-05-04 06:03:45'),
(705, 33415096, 4, '2016-05-04 06:03:46'),
(706, 25415081, 4, '2016-05-04 06:03:49'),
(707, 22415114, 4, '2016-05-04 06:03:49'),
(708, 51415047, 4, '2016-05-04 06:03:51'),
(709, 25415077, 4, '2016-05-04 06:03:53'),
(710, 51415018, 4, '2016-05-04 06:03:54'),
(711, 24415021, 4, '2016-05-04 06:03:56'),
(712, 26415135, 4, '2016-05-04 06:03:56'),
(713, 24414064, 4, '2016-05-04 06:03:58'),
(714, 35415050, 4, '2016-05-04 06:03:59'),
(715, 51415092, 4, '2016-05-04 06:04:00'),
(716, 37415058, 4, '2016-05-04 06:04:01'),
(717, 23415026, 4, '2016-05-04 06:04:02'),
(718, 35415062, 4, '2016-05-04 06:04:04'),
(719, 31415175, 4, '2016-05-04 06:04:05'),
(720, 32415238, 4, '2016-05-04 06:04:07'),
(721, 24415054, 4, '2016-05-04 06:04:08'),
(722, 33415100, 4, '2016-05-04 06:04:08'),
(723, 24415093, 4, '2016-05-04 06:04:09'),
(724, 33415133, 4, '2016-05-04 06:04:10'),
(725, 31415256, 4, '2016-05-04 06:04:12'),
(726, 32415179, 4, '2016-05-04 06:04:12'),
(727, 12415010, 4, '2016-05-04 06:04:14'),
(728, 24415070, 4, '2016-05-04 06:04:16'),
(729, 24415008, 4, '2016-05-04 06:04:20'),
(730, 32415174, 4, '2016-05-04 06:04:21'),
(731, 26414045, 4, '2016-05-04 06:04:21'),
(732, 37414024, 4, '2016-05-04 06:04:24'),
(733, 22414092, 4, '2016-05-04 06:04:24'),
(734, 21413056, 4, '2016-05-04 06:04:26'),
(735, 21415172, 4, '2016-05-04 06:04:26'),
(736, 22415106, 4, '2016-05-04 06:04:27'),
(737, 21415193, 4, '2016-05-04 06:04:28'),
(738, 22414081, 4, '2016-05-04 06:04:28'),
(739, 51415112, 4, '2016-05-04 06:04:31'),
(740, 11415061, 4, '2016-05-04 06:04:31'),
(741, 12414003, 4, '2016-05-04 06:04:34'),
(742, 37415094, 4, '2016-05-04 06:04:34'),
(743, 22414050, 4, '2016-05-04 06:04:35'),
(744, 26415110, 4, '2016-05-04 06:04:38'),
(745, 26415169, 4, '2016-05-04 06:04:38'),
(746, 36414066, 4, '2016-05-04 06:04:40'),
(747, 26415180, 4, '2016-05-04 06:04:41'),
(748, 32415001, 4, '2016-05-04 06:04:43'),
(749, 32415062, 4, '2016-05-04 06:04:46'),
(750, 31414025, 4, '2016-05-04 06:04:47'),
(751, 32415123, 4, '2016-05-04 06:04:48'),
(752, 51414031, 4, '2016-05-04 06:04:50'),
(753, 51415041, 4, '2016-05-04 06:04:50'),
(754, 21415011, 4, '2016-05-04 06:04:52'),
(755, 21415092, 4, '2016-05-04 06:04:54'),
(756, 51414088, 4, '2016-05-04 06:04:58'),
(757, 21415142, 4, '2016-05-04 06:05:01'),
(758, 32415226, 4, '2016-05-04 06:05:02'),
(759, 21414047, 4, '2016-05-04 06:05:04'),
(760, 25415001, 4, '2016-05-04 06:05:07'),
(761, 31413134, 4, '2016-05-04 06:05:08'),
(762, 21415045, 4, '2016-05-04 06:05:10'),
(763, 31415098, 4, '2016-05-04 06:05:10'),
(764, 21415007, 4, '2016-05-04 06:05:12'),
(765, 31415199, 4, '2016-05-04 06:05:13'),
(766, 21415201, 4, '2016-05-04 06:05:13'),
(767, 32415071, 4, '2016-05-04 06:05:15'),
(768, 21415061, 4, '2016-05-04 06:05:15'),
(769, 42415112, 4, '2016-05-04 06:05:17'),
(770, 21415099, 4, '2016-05-04 06:05:17'),
(771, 42415119, 4, '2016-05-04 06:05:18'),
(772, 21415006, 4, '2016-05-04 06:05:18'),
(773, 21415005, 4, '2016-05-04 06:05:20'),
(774, 21415127, 4, '2016-05-04 06:05:20'),
(775, 21415079, 4, '2016-05-04 06:05:21'),
(776, 42415060, 4, '2016-05-04 06:05:23'),
(777, 21415094, 4, '2016-05-04 06:05:24'),
(778, 42415024, 4, '2016-05-04 06:05:24'),
(779, 21415026, 4, '2016-05-04 06:05:24'),
(780, 41415042, 4, '2016-05-04 06:05:26'),
(781, 21415036, 4, '2016-05-04 06:05:26'),
(782, 21414042, 4, '2016-05-04 06:05:27'),
(783, 25415105, 4, '2016-05-04 06:05:27'),
(784, 21415097, 4, '2016-05-04 06:05:27'),
(785, 35414009, 4, '2016-05-04 06:05:28'),
(786, 22415006, 4, '2016-05-04 06:05:30'),
(787, 22415058, 4, '2016-05-04 06:05:30'),
(788, 22415082, 4, '2016-05-04 06:05:30'),
(789, 21415120, 4, '2016-05-04 06:05:32'),
(790, 22415043, 4, '2016-05-04 06:05:32'),
(791, 22415016, 4, '2016-05-04 06:05:33'),
(792, 22415053, 4, '2016-05-04 06:05:34'),
(793, 41415138, 4, '2016-05-04 06:05:35'),
(794, 22415071, 4, '2016-05-04 06:05:36'),
(795, 22415015, 4, '2016-05-04 06:05:37'),
(796, 21415090, 4, '2016-05-04 06:05:39'),
(797, 22415023, 4, '2016-05-04 06:05:39'),
(798, 26415147, 4, '2016-05-04 06:05:39'),
(799, 41415162, 4, '2016-05-04 06:05:41'),
(800, 11415069, 4, '2016-05-04 06:05:42'),
(801, 26415154, 4, '2016-05-04 06:05:42'),
(802, 26415126, 4, '2016-05-04 06:05:44'),
(803, 26414151, 4, '2016-05-04 06:05:44'),
(804, 51415081, 4, '2016-05-04 06:05:47'),
(805, 26415048, 4, '2016-05-04 06:05:47'),
(806, 33414179, 4, '2016-05-04 06:05:52'),
(807, 41415147, 4, '2016-05-04 06:05:52'),
(808, 33414032, 4, '2016-05-04 06:05:53'),
(809, 41415107, 4, '2016-05-04 06:05:54'),
(810, 26415128, 4, '2016-05-04 06:05:54'),
(811, 33415085, 4, '2016-05-04 06:05:56'),
(812, 35415010, 4, '2016-05-04 06:05:57'),
(813, 26415061, 4, '2016-05-04 06:05:59'),
(814, 37415108, 4, '2016-05-04 06:06:02'),
(815, 26415055, 4, '2016-05-04 06:06:03'),
(816, 32415136, 4, '2016-05-04 06:06:03'),
(817, 33415098, 4, '2016-05-04 06:06:05'),
(818, 36415060, 4, '2016-05-04 06:06:08'),
(819, 37415101, 4, '2016-05-04 06:06:10'),
(820, 32415177, 4, '2016-05-04 06:06:11'),
(821, 32415250, 4, '2016-05-04 06:06:13'),
(822, 25413010, 4, '2016-05-04 06:06:16'),
(823, 33415110, 4, '2016-05-04 06:06:17'),
(824, 26415089, 4, '2016-05-04 06:06:20'),
(825, 33415132, 4, '2016-05-04 06:06:22'),
(826, 25413045, 4, '2016-05-04 06:06:26'),
(827, 25414006, 4, '2016-05-04 06:06:29'),
(828, 26415175, 4, '2016-05-04 06:06:32'),
(829, 22414037, 4, '2016-05-04 06:06:32'),
(830, 33415150, 4, '2016-05-04 06:06:34'),
(831, 22414067, 4, '2016-05-04 06:06:46'),
(832, 11415034, 4, '2016-05-04 06:06:48'),
(833, 51414088, 3, '2016-05-04 02:09:38'),
(834, 22414037, 3, '2016-05-04 02:09:38'),
(835, 22415101, 4, '2016-05-04 06:07:28'),
(836, 11415034, 3, '2016-05-04 02:09:38'),
(837, 31415044, 4, '2016-05-04 06:08:38'),
(838, 31415201, 4, '2016-05-04 06:08:44'),
(839, 36415028, 3, '2016-05-04 02:09:38'),
(840, 25415087, 4, '2016-05-04 06:10:49'),
(841, 21414210, 5, '2016-05-09 09:56:24'),
(842, 21414197, 5, '2016-05-09 09:56:46'),
(843, 21414139, 5, '2016-05-09 09:57:05'),
(844, 21414047, 5, '2016-05-09 09:57:07'),
(845, 21415201, 5, '2016-05-09 09:57:13'),
(846, 21415193, 5, '2016-05-09 09:57:16'),
(847, 36415068, 5, '2016-05-09 09:57:26'),
(848, 36415041, 5, '2016-05-09 09:57:33'),
(849, 24415004, 5, '2016-05-09 09:57:37'),
(850, 26415048, 5, '2016-05-09 09:57:40'),
(851, 26415147, 5, '2016-05-09 09:57:43'),
(852, 26415114, 5, '2016-05-09 09:57:45'),
(853, 26415003, 5, '2016-05-09 09:57:49'),
(854, 51415112, 5, '2016-05-09 09:57:51'),
(855, 51415064, 5, '2016-05-09 09:57:54'),
(856, 51415067, 5, '2016-05-09 09:57:56'),
(857, 12414003, 5, '2016-05-09 09:57:58'),
(858, 12415010, 5, '2016-05-09 09:58:00'),
(859, 12415009, 5, '2016-05-09 09:58:02'),
(860, 26415089, 5, '2016-05-09 09:58:05'),
(861, 26415081, 5, '2016-05-09 09:58:09'),
(862, 11415071, 5, '2016-05-09 09:58:12'),
(863, 21415045, 5, '2016-05-09 09:58:13'),
(864, 26415160, 5, '2016-05-09 09:58:16'),
(865, 26415154, 5, '2016-05-09 09:58:17'),
(866, 21415127, 5, '2016-05-09 09:58:19'),
(867, 21415099, 5, '2016-05-09 09:58:22'),
(868, 21415026, 5, '2016-05-09 09:58:25'),
(869, 26415055, 5, '2016-05-09 09:58:31'),
(870, 21415061, 5, '2016-05-09 09:58:34'),
(871, 21415142, 5, '2016-05-09 09:58:37'),
(872, 42415119, 5, '2016-05-09 09:58:41'),
(873, 42415060, 5, '2016-05-09 09:58:43'),
(874, 42414045, 5, '2016-05-09 09:58:46'),
(875, 11415069, 5, '2016-05-09 09:58:54'),
(876, 22415006, 5, '2016-05-09 09:58:57'),
(877, 22415043, 5, '2016-05-09 09:58:59'),
(878, 22415071, 5, '2016-05-09 09:59:02'),
(879, 22415023, 5, '2016-05-09 09:59:04'),
(880, 21415059, 5, '2016-05-09 09:59:06'),
(881, 22415018, 5, '2016-05-09 09:59:08'),
(882, 32414197, 5, '2016-05-09 09:59:12'),
(883, 22415077, 5, '2016-05-09 09:59:15'),
(884, 22415094, 5, '2016-05-09 09:59:19'),
(885, 25415111, 5, '2016-05-09 09:59:21'),
(886, 22414037, 5, '2016-05-09 09:59:24'),
(887, 25414064, 5, '2016-05-09 09:59:26'),
(888, 22414088, 5, '2016-05-09 09:59:30'),
(889, 22414014, 5, '2016-05-09 09:59:35'),
(890, 22414114, 5, '2016-05-09 09:59:36'),
(891, 22414161, 5, '2016-05-09 09:59:40'),
(892, 11415034, 5, '2016-05-09 09:59:47'),
(893, 37415056, 5, '2016-05-09 09:59:53'),
(894, 32414074, 5, '2016-05-09 09:59:55'),
(895, 32414141, 5, '2016-05-09 09:59:59'),
(896, 37414024, 5, '2016-05-09 10:00:02'),
(897, 32415079, 5, '2016-05-09 10:00:04'),
(898, 31415098, 5, '2016-05-09 10:00:06'),
(899, 32415007, 5, '2016-05-09 10:00:08'),
(900, 32415001, 5, '2016-05-09 10:00:11'),
(901, 32415071, 5, '2016-05-09 10:00:13'),
(902, 32415062, 5, '2016-05-09 10:00:15'),
(903, 37415029, 5, '2016-05-09 10:00:17'),
(904, 32415123, 5, '2016-05-09 10:00:19'),
(905, 51415055, 5, '2016-05-09 10:00:24'),
(906, 21415128, 5, '2016-05-09 10:00:27'),
(907, 21415079, 5, '2016-05-09 10:00:30'),
(908, 21415097, 5, '2016-05-09 10:00:31'),
(909, 42415184, 5, '2016-05-09 10:00:35'),
(910, 42415014, 5, '2016-05-09 10:00:37'),
(911, 21415172, 5, '2016-05-09 10:00:40'),
(912, 25415105, 5, '2016-05-09 10:00:42'),
(913, 21414118, 5, '2016-05-09 10:00:44'),
(914, 26414151, 5, '2016-05-09 10:00:45'),
(915, 22414050, 5, '2016-05-09 10:00:47'),
(916, 36414066, 5, '2016-05-09 10:00:50'),
(917, 31415256, 5, '2016-05-09 10:01:00'),
(918, 22415058, 5, '2016-05-09 10:01:08'),
(919, 22415053, 5, '2016-05-09 10:01:10'),
(920, 22415015, 5, '2016-05-09 10:01:12'),
(921, 21414007, 5, '2016-05-09 10:01:38'),
(922, 34415065, 5, '2016-05-09 10:01:57'),
(923, 36415015, 5, '2016-05-09 10:04:54'),
(924, 21415078, 5, '2016-05-09 10:04:57'),
(925, 21415021, 5, '2016-05-09 10:05:00'),
(926, 32415250, 5, '2016-05-09 10:07:45'),
(927, 51415081, 5, '2016-05-09 10:09:08'),
(928, 41415042, 5, '2016-05-09 10:16:07'),
(929, 36415060, 5, '2016-05-09 10:16:25'),
(930, 21415090, 5, '2016-05-09 10:16:43'),
(931, 22415003, 5, '2016-05-09 10:16:48'),
(932, 22415016, 5, '2016-05-09 10:17:13'),
(933, 22415114, 5, '2016-05-09 10:17:20'),
(934, 41415121, 5, '2016-05-09 10:18:12'),
(935, 51414007, 5, '2016-05-09 10:18:48'),
(936, 33414032, 5, '2016-05-09 10:21:29'),
(937, 22415088, 5, '2016-05-09 10:28:11'),
(938, 22415086, 5, '2016-05-09 10:28:18'),
(939, 21415094, 5, '2016-05-09 10:28:27'),
(940, 22415149, 5, '2016-05-09 10:31:07'),
(941, 33414179, 5, '2016-05-09 10:31:18'),
(942, 26415037, 5, '2016-05-09 10:31:47'),
(943, 41415107, 5, '2016-05-09 10:46:33'),
(944, 41415147, 5, '2016-05-09 10:46:50'),
(945, 21415214, 5, '2016-05-09 10:46:54'),
(946, 22415150, 5, '2016-05-09 10:47:16'),
(947, 22415040, 5, '2016-05-09 10:47:50'),
(948, 22415147, 5, '2016-05-09 10:48:00'),
(949, 21414042, 5, '2016-05-09 10:48:10'),
(950, 22415082, 5, '2016-05-09 10:48:19'),
(951, 26415126, 5, '2016-05-09 10:48:28'),
(952, 26415135, 5, '2016-05-09 10:48:37'),
(953, 26415180, 5, '2016-05-09 10:48:45'),
(954, 22415075, 5, '2016-05-09 10:48:55'),
(955, 22415106, 5, '2016-05-09 10:48:57'),
(956, 26415095, 5, '2016-05-09 10:49:38'),
(957, 26415169, 5, '2016-05-09 10:49:45'),
(958, 26415110, 5, '2016-05-09 10:50:06'),
(959, 22415072, 5, '2016-05-09 10:52:02'),
(960, 22415047, 5, '2016-05-09 10:52:10'),
(961, 22415029, 5, '2016-05-09 10:52:21'),
(962, 51414031, 5, '2016-05-09 10:53:29'),
(963, 41415138, 5, '2016-05-09 10:55:32'),
(964, 41415162, 5, '2016-05-09 10:55:36'),
(965, 33415098, 5, '2016-05-09 11:04:03'),
(966, 31413134, 5, '2016-05-09 11:11:25'),
(967, 21415120, 5, '2016-05-09 11:17:55'),
(968, 21415036, 5, '2016-05-09 11:18:04'),
(969, 21415006, 5, '2016-05-09 11:18:16'),
(970, 21415005, 5, '2016-05-09 11:18:18'),
(971, 21415007, 5, '2016-05-09 11:18:27'),
(972, 32415255, 6, '2016-05-09 11:44:44'),
(973, 37415101, 5, '2016-05-09 11:45:20'),
(974, 32414050, 5, '2016-05-09 11:49:24'),
(975, 32414082, 5, '2016-05-09 11:49:32'),
(976, 33415085, 5, '2016-05-09 11:54:50'),
(977, 22414081, 5, '2016-05-09 12:07:48'),
(978, 32415238, 5, '2016-05-09 12:11:32'),
(979, 31415198, 5, '2016-05-09 12:13:39'),
(980, 37415029, 6, '2016-05-09 12:16:47'),
(981, 33415096, 6, '2016-05-09 12:20:50'),
(982, 33415072, 6, '2016-05-09 12:21:08'),
(983, 37415101, 6, '2016-05-09 12:22:03'),
(984, 33415061, 6, '2016-05-09 12:22:33'),
(985, 22415088, 6, '2016-05-09 12:23:07'),
(986, 41415042, 6, '2016-05-09 12:23:11'),
(987, 22414050, 6, '2016-05-09 12:23:14'),
(988, 22415082, 6, '2016-05-09 12:25:39'),
(989, 33414032, 6, '2016-05-09 12:26:19'),
(990, 31414025, 6, '2016-05-09 12:26:41'),
(991, 51414031, 6, '2016-05-09 12:31:08'),
(992, 12415010, 6, '2016-05-09 12:32:10'),
(993, 11415061, 6, '2016-05-09 12:32:14'),
(994, 11415071, 6, '2016-05-09 12:32:18'),
(995, 33415160, 6, '2016-05-09 12:32:20'),
(996, 11415069, 6, '2016-05-09 12:32:28'),
(997, 12415009, 6, '2016-05-09 12:32:31'),
(998, 12414003, 6, '2016-05-09 12:32:38'),
(999, 11415034, 6, '2016-05-09 12:33:00'),
(1000, 21415201, 6, '2016-05-09 12:33:34'),
(1001, 21415128, 6, '2016-05-09 12:33:36'),
(1002, 21415097, 6, '2016-05-09 12:33:39'),
(1003, 21415078, 6, '2016-05-09 12:33:41'),
(1004, 21415193, 6, '2016-05-09 12:33:43'),
(1005, 21414139, 6, '2016-05-09 12:33:48'),
(1006, 21414197, 6, '2016-05-09 12:33:52'),
(1007, 21414028, 6, '2016-05-09 12:33:56'),
(1008, 21414210, 6, '2016-05-09 12:34:00'),
(1009, 21415092, 6, '2016-05-09 12:34:04'),
(1010, 21415045, 6, '2016-05-09 12:34:06'),
(1011, 21414118, 6, '2016-05-09 12:34:06'),
(1012, 21415059, 6, '2016-05-09 12:34:07'),
(1013, 21415094, 6, '2016-05-09 12:34:10'),
(1014, 21415172, 6, '2016-05-09 12:34:11'),
(1015, 21415061, 6, '2016-05-09 12:34:13'),
(1016, 21415099, 6, '2016-05-09 12:34:17'),
(1017, 21415026, 6, '2016-05-09 12:34:19'),
(1018, 21415142, 6, '2016-05-09 12:34:19'),
(1019, 21414007, 6, '2016-05-09 12:34:39'),
(1020, 21415127, 6, '2016-05-09 12:34:41'),
(1021, 21415006, 6, '2016-05-09 12:34:42'),
(1022, 21415005, 6, '2016-05-09 12:34:46'),
(1023, 21415007, 6, '2016-05-09 12:34:49'),
(1024, 21415090, 6, '2016-05-09 12:34:52'),
(1025, 21415011, 6, '2016-05-09 12:34:57'),
(1026, 21415120, 6, '2016-05-09 12:35:00'),
(1027, 21415238, 6, '2016-05-09 12:35:04'),
(1028, 21415036, 6, '2016-05-09 12:35:09'),
(1029, 21415214, 6, '2016-05-09 12:35:19'),
(1030, 22414161, 6, '2016-05-09 12:35:24'),
(1031, 22414114, 6, '2016-05-09 12:35:28'),
(1032, 22414088, 6, '2016-05-09 12:35:34'),
(1033, 22415015, 6, '2016-05-09 12:35:40'),
(1034, 22415058, 6, '2016-05-09 12:35:46'),
(1035, 22414014, 6, '2016-05-09 12:35:48'),
(1036, 22415053, 6, '2016-05-09 12:35:51'),
(1037, 21415021, 6, '2016-05-09 12:35:51'),
(1038, 22415016, 6, '2016-05-09 12:35:56'),
(1039, 22415094, 6, '2016-05-09 12:35:59'),
(1040, 22414037, 6, '2016-05-09 12:36:02'),
(1041, 22415077, 6, '2016-05-09 12:36:06'),
(1042, 22415023, 6, '2016-05-09 12:36:09'),
(1043, 22415043, 6, '2016-05-09 12:36:10'),
(1044, 22415006, 6, '2016-05-09 12:36:13'),
(1045, 22415071, 6, '2016-05-09 12:36:19'),
(1046, 22415018, 6, '2016-05-09 12:36:21'),
(1047, 22415040, 6, '2016-05-09 12:36:23'),
(1048, 22415147, 6, '2016-05-09 12:36:31'),
(1049, 22415114, 6, '2016-05-09 12:36:38'),
(1050, 22415106, 6, '2016-05-09 12:36:42'),
(1051, 22415075, 6, '2016-05-09 12:36:51'),
(1052, 51415018, 6, '2016-05-09 12:37:15'),
(1053, 51415047, 6, '2016-05-09 12:37:25'),
(1054, 36415041, 6, '2016-05-09 12:37:28'),
(1055, 36415068, 6, '2016-05-09 12:37:32'),
(1056, 33415085, 6, '2016-05-09 12:37:36'),
(1057, 35415057, 6, '2016-05-09 12:37:42'),
(1058, 35415062, 6, '2016-05-09 12:37:45'),
(1059, 35415050, 6, '2016-05-09 12:37:56'),
(1060, 31415198, 6, '2016-05-09 12:37:58'),
(1061, 51415081, 6, '2016-05-09 12:38:17'),
(1062, 51414007, 6, '2016-05-09 12:38:19'),
(1063, 36414066, 6, '2016-05-09 12:38:25'),
(1064, 32414074, 6, '2016-05-09 12:38:29'),
(1065, 32414141, 6, '2016-05-09 12:38:32'),
(1066, 32415123, 6, '2016-05-09 12:38:34'),
(1067, 32415062, 6, '2016-05-09 12:38:37'),
(1068, 32415250, 6, '2016-05-09 12:38:51'),
(1069, 32415007, 6, '2016-05-09 12:38:56'),
(1070, 32415071, 6, '2016-05-09 12:38:59'),
(1071, 41415138, 6, '2016-05-09 12:39:03'),
(1072, 41415162, 6, '2016-05-09 12:39:06'),
(1073, 41415121, 6, '2016-05-09 12:39:12'),
(1074, 41415107, 6, '2016-05-09 12:39:31'),
(1075, 42415112, 6, '2016-05-09 12:39:33'),
(1076, 42414045, 6, '2016-05-09 12:39:35'),
(1077, 42415184, 6, '2016-05-09 12:39:51'),
(1078, 24415004, 6, '2016-05-09 12:40:04'),
(1079, 24415093, 6, '2016-05-09 12:40:09'),
(1080, 24415054, 6, '2016-05-09 12:40:17'),
(1081, 24415008, 6, '2016-05-09 12:40:20'),
(1082, 25413010, 6, '2016-05-09 12:40:27'),
(1083, 25414064, 6, '2016-05-09 12:40:29'),
(1084, 23415026, 6, '2016-05-09 12:40:36'),
(1085, 37414024, 6, '2016-05-09 12:40:49'),
(1086, 26415126, 6, '2016-05-09 12:40:54'),
(1087, 26415095, 6, '2016-05-09 12:41:03'),
(1088, 37415056, 6, '2016-05-09 12:41:16'),
(1089, 41415147, 6, '2016-05-09 12:41:20'),
(1090, 26415114, 6, '2016-05-09 12:41:24'),
(1091, 26415154, 6, '2016-05-09 12:41:34'),
(1092, 26415178, 6, '2016-05-09 12:41:36'),
(1093, 26415003, 6, '2016-05-09 12:41:40'),
(1094, 34415065, 6, '2016-05-09 12:41:55'),
(1095, 34415075, 6, '2016-05-09 12:41:59'),
(1096, 24415021, 6, '2016-05-09 12:42:07'),
(1097, 21414047, 6, '2016-05-09 12:42:11'),
(1098, 37415094, 6, '2016-05-09 12:42:21'),
(1099, 21415024, 6, '2016-05-09 12:42:41'),
(1100, 36415015, 7, '2016-05-25 09:27:16'),
(1101, 51415020, 7, '2016-05-25 09:28:13'),
(1102, 24414033, 7, '2016-05-25 09:28:17'),
(1103, 21414133, 7, '2016-05-25 09:28:47'),
(1104, 51415025, 7, '2016-05-25 09:29:29'),
(1105, 26413021, 7, '2016-05-25 09:30:13'),
(1106, 36415075, 7, '2016-05-25 09:30:48'),
(1107, 33414112, 7, '2016-05-25 09:31:12'),
(1108, 33414054, 7, '2016-05-25 09:34:12'),
(1109, 21414137, 7, '2016-05-25 09:34:21'),
(1110, 11415014, 7, '2016-05-25 09:41:35'),
(1111, 41415034, 7, '2016-05-25 09:41:39'),
(1112, 51415080, 7, '2016-05-25 09:41:55'),
(1113, 41414009, 7, '2016-05-25 09:44:37'),
(1114, 36415028, 7, '2016-05-25 09:45:28'),
(1115, 42414153, 7, '2016-05-25 09:48:10'),
(1116, 26413014, 7, '2016-05-25 09:50:52'),
(1117, 26413033, 7, '2016-05-25 09:51:02'),
(1118, 41414041, 7, '2016-05-25 09:52:19'),
(1119, 51415007, 7, '2016-05-25 09:52:21'),
(1120, 25414097, 7, '2016-05-25 09:53:45'),
(1121, 22413130, 7, '2016-05-25 09:53:59'),
(1122, 37415046, 7, '2016-05-25 09:54:09'),
(1123, 35415010, 7, '2016-05-25 09:54:14'),
(1124, 51415030, 7, '2016-05-25 09:54:18'),
(1125, 41415148, 7, '2016-05-25 09:54:26'),
(1126, 51415024, 7, '2016-05-25 09:54:31'),
(1127, 51415034, 7, '2016-05-25 09:54:39'),
(1128, 21413194, 7, '2016-05-25 09:54:48'),
(1129, 26415167, 7, '2016-05-25 09:54:59'),
(1130, 21413087, 7, '2016-05-25 09:55:20'),
(1131, 22414108, 7, '2016-05-25 09:55:26'),
(1132, 42415108, 7, '2016-05-25 09:55:33'),
(1133, 35414013, 7, '2016-05-25 09:55:42'),
(1134, 23415009, 7, '2016-05-25 09:55:44'),
(1135, 21414078, 7, '2016-05-25 09:55:47'),
(1136, 21415108, 7, '2016-05-25 09:56:02'),
(1137, 26414104, 7, '2016-05-25 09:56:45'),
(1138, 21414037, 7, '2016-05-25 09:58:29'),
(1139, 51415109, 7, '2016-05-25 09:59:54'),
(1140, 35415053, 7, '2016-05-25 10:00:01'),
(1141, 41414007, 7, '2016-05-25 10:00:15'),
(1142, 41414005, 7, '2016-05-25 10:00:18'),
(1143, 21414005, 7, '2016-05-25 10:01:05'),
(1144, 21415087, 7, '2016-05-25 10:01:07'),
(1145, 51414004, 7, '2016-05-25 10:01:10'),
(1146, 26413112, 7, '2016-05-25 10:03:36'),
(1147, 32415110, 7, '2016-05-25 10:03:54'),
(1148, 35414027, 7, '2016-05-25 10:04:11'),
(1149, 37414048, 7, '2016-05-25 10:04:17'),
(1150, 22414014, 7, '2016-05-25 10:04:40'),
(1151, 51415022, 7, '2016-05-25 10:05:44'),
(1152, 35415057, 7, '2016-05-25 10:06:45'),
(1153, 21415214, 7, '2016-05-25 10:06:46'),
(1154, 33415192, 7, '2016-05-25 10:06:58'),
(1155, 21415059, 7, '2016-05-25 10:07:00'),
(1156, 42415112, 7, '2016-05-25 10:07:03'),
(1157, 42415060, 7, '2016-05-25 10:07:05'),
(1158, 42415119, 7, '2016-05-25 10:07:06'),
(1159, 26415065, 7, '2016-05-25 10:07:09'),
(1160, 36415060, 7, '2016-05-25 10:07:20'),
(1161, 33415085, 7, '2016-05-25 10:07:24'),
(1162, 24414055, 7, '2016-05-25 10:07:56'),
(1163, 32415184, 7, '2016-05-25 10:07:57'),
(1164, 32415191, 7, '2016-05-25 10:07:58'),
(1165, 41415120, 7, '2016-05-25 10:14:27'),
(1166, 33415062, 7, '2016-05-25 10:14:39'),
(1167, 41414082, 7, '2016-05-25 10:15:46'),
(1168, 35414051, 7, '2016-05-25 10:15:49'),
(1169, 51415017, 7, '2016-05-25 10:16:27'),
(1170, 33414113, 7, '2016-05-25 10:16:27'),
(1171, 33415055, 7, '2016-05-25 10:16:29'),
(1172, 33415150, 7, '2016-05-25 10:16:30'),
(1173, 41415061, 7, '2016-05-25 10:16:32'),
(1174, 34414055, 7, '2016-05-25 10:16:33'),
(1175, 41415164, 7, '2016-05-25 10:16:41'),
(1176, 32415177, 7, '2016-05-25 10:16:43'),
(1177, 33415132, 7, '2016-05-25 10:16:49'),
(1178, 41415092, 7, '2016-05-25 10:16:50'),
(1179, 51415087, 7, '2016-05-25 10:16:51'),
(1180, 21414019, 7, '2016-05-25 10:16:52'),
(1181, 42415088, 7, '2016-05-25 10:16:55'),
(1182, 22414067, 7, '2016-05-25 10:17:01'),
(1183, 12415002, 7, '2016-05-25 10:17:02'),
(1184, 32415178, 7, '2016-05-25 10:17:03'),
(1185, 37414067, 7, '2016-05-25 10:17:04'),
(1186, 42415087, 7, '2016-05-25 10:17:05'),
(1187, 21415163, 7, '2016-05-25 10:17:06'),
(1188, 31415201, 7, '2016-05-25 10:17:06'),
(1189, 32415025, 7, '2016-05-25 10:17:07'),
(1190, 21414048, 7, '2016-05-25 10:17:09'),
(1191, 21415117, 7, '2016-05-25 10:17:13'),
(1192, 12414011, 7, '2016-05-25 10:17:16'),
(1193, 37415058, 7, '2016-05-25 10:17:20'),
(1194, 12415020, 7, '2016-05-25 10:17:22'),
(1195, 41415063, 7, '2016-05-25 10:17:22'),
(1196, 33415179, 7, '2016-05-25 10:17:23'),
(1197, 12414002, 7, '2016-05-25 10:17:26'),
(1198, 26414045, 7, '2016-05-25 10:17:30'),
(1199, 23415004, 7, '2016-05-25 10:17:31'),
(1200, 23415008, 7, '2016-05-25 10:17:31'),
(1201, 21414125, 7, '2016-05-25 10:17:33'),
(1202, 25414022, 7, '2016-05-25 10:17:36'),
(1203, 32415179, 7, '2016-05-25 10:17:36'),
(1204, 31415175, 7, '2016-05-25 10:17:38'),
(1205, 26415106, 7, '2016-05-25 10:17:39'),
(1206, 24414021, 7, '2016-05-25 10:17:41'),
(1207, 23415001, 7, '2016-05-25 10:17:41'),
(1208, 21415099, 7, '2016-05-25 10:17:42'),
(1209, 21415127, 7, '2016-05-25 10:17:45'),
(1210, 21415026, 7, '2016-05-25 10:17:45'),
(1211, 21415061, 7, '2016-05-25 10:17:48'),
(1212, 12415008, 7, '2016-05-25 10:17:54'),
(1213, 32415049, 7, '2016-05-25 10:17:56'),
(1214, 42414113, 7, '2016-05-25 10:17:57'),
(1215, 21414135, 7, '2016-05-25 10:17:58');
INSERT INTO `mhs_absen` (`id`, `nrp`, `id_keg`, `tanggal`) VALUES
(1216, 32415020, 7, '2016-05-25 10:17:58'),
(1217, 41414052, 7, '2016-05-25 10:17:59'),
(1218, 21414050, 7, '2016-05-25 10:18:00'),
(1219, 21414082, 7, '2016-05-25 10:18:01'),
(1220, 32415145, 7, '2016-05-25 10:18:01'),
(1221, 37415009, 7, '2016-05-25 10:18:03'),
(1222, 32414027, 7, '2016-05-25 10:18:03'),
(1223, 51414041, 7, '2016-05-25 10:18:07'),
(1224, 32415046, 7, '2016-05-25 10:18:11'),
(1225, 24415061, 7, '2016-05-25 10:18:12'),
(1226, 51414064, 7, '2016-05-25 10:18:14'),
(1227, 32414030, 7, '2016-05-25 10:18:15'),
(1228, 33415168, 7, '2016-05-25 10:18:15'),
(1229, 21415183, 7, '2016-05-25 10:18:18'),
(1230, 21415179, 7, '2016-05-25 10:18:19'),
(1231, 32415062, 7, '2016-05-25 10:18:21'),
(1232, 32415123, 7, '2016-05-25 10:18:23'),
(1233, 51415055, 7, '2016-05-25 10:18:24'),
(1234, 32415001, 7, '2016-05-25 10:18:24'),
(1235, 32415071, 7, '2016-05-25 10:18:25'),
(1236, 32415079, 7, '2016-05-25 10:18:27'),
(1237, 31415098, 7, '2016-05-25 10:18:29'),
(1238, 32415007, 7, '2016-05-25 10:18:30'),
(1239, 21415024, 7, '2016-05-25 10:18:31'),
(1240, 21415006, 7, '2016-05-25 10:18:32'),
(1241, 21415036, 7, '2016-05-25 10:18:35'),
(1242, 21415005, 7, '2016-05-25 10:18:35'),
(1243, 41415042, 7, '2016-05-25 10:18:37'),
(1244, 41415138, 7, '2016-05-25 10:18:39'),
(1245, 41415162, 7, '2016-05-25 10:18:42'),
(1246, 32415174, 7, '2016-05-25 10:18:46'),
(1247, 32415136, 7, '2016-05-25 10:18:46'),
(1248, 26415089, 7, '2016-05-25 10:18:46'),
(1249, 26415081, 7, '2016-05-25 10:18:48'),
(1250, 26415055, 7, '2016-05-25 10:18:49'),
(1251, 37415029, 7, '2016-05-25 10:18:49'),
(1252, 26415147, 7, '2016-05-25 10:18:50'),
(1253, 51415092, 7, '2016-05-25 10:18:51'),
(1254, 26415037, 7, '2016-05-25 10:18:52'),
(1255, 32415250, 7, '2016-05-25 10:18:53'),
(1256, 26415160, 7, '2016-05-25 10:18:54'),
(1257, 37415108, 7, '2016-05-25 10:18:55'),
(1258, 26415154, 7, '2016-05-25 10:18:55'),
(1259, 24415070, 7, '2016-05-25 10:18:57'),
(1260, 37415094, 7, '2016-05-25 10:18:58'),
(1261, 24415008, 7, '2016-05-25 10:19:01'),
(1262, 37415101, 7, '2016-05-25 10:19:01'),
(1263, 24415021, 7, '2016-05-25 10:19:02'),
(1264, 24415068, 7, '2016-05-25 10:19:06'),
(1265, 24415054, 7, '2016-05-25 10:19:08'),
(1266, 21415007, 7, '2016-05-25 10:19:09'),
(1267, 24415093, 7, '2016-05-25 10:19:10'),
(1268, 21415045, 7, '2016-05-25 10:19:12'),
(1269, 35414009, 7, '2016-05-25 10:19:13'),
(1270, 21415011, 7, '2016-05-25 10:19:13'),
(1271, 11415069, 7, '2016-05-25 10:19:13'),
(1272, 26415169, 7, '2016-05-25 10:19:15'),
(1273, 12415009, 7, '2016-05-25 10:19:16'),
(1274, 21415120, 7, '2016-05-25 10:19:17'),
(1275, 26415180, 7, '2016-05-25 10:19:17'),
(1276, 12415010, 7, '2016-05-25 10:19:19'),
(1277, 26415061, 7, '2016-05-25 10:19:19'),
(1278, 21415094, 7, '2016-05-25 10:19:19'),
(1279, 26415178, 7, '2016-05-25 10:19:20'),
(1280, 21415128, 7, '2016-05-25 10:19:21'),
(1281, 26415003, 7, '2016-05-25 10:19:21'),
(1282, 26415114, 7, '2016-05-25 10:19:22'),
(1283, 21415079, 7, '2016-05-25 10:19:25'),
(1284, 21415142, 7, '2016-05-25 10:19:26'),
(1285, 32415255, 7, '2016-05-25 10:19:51'),
(1286, 21415092, 7, '2016-05-25 10:19:54'),
(1287, 32415226, 7, '2016-05-25 10:19:55'),
(1288, 22414040, 7, '2016-05-25 10:19:57'),
(1289, 22414081, 7, '2016-05-25 10:19:58'),
(1290, 22414092, 7, '2016-05-25 10:20:00'),
(1291, 22414088, 7, '2016-05-25 10:20:04'),
(1292, 22414161, 7, '2016-05-25 10:20:04'),
(1293, 22414114, 7, '2016-05-25 10:20:05'),
(1294, 33415072, 7, '2016-05-25 10:20:07'),
(1295, 33415096, 7, '2016-05-25 10:20:07'),
(1296, 33415100, 7, '2016-05-25 10:20:09'),
(1297, 33415127, 7, '2016-05-25 10:20:12'),
(1298, 33415133, 7, '2016-05-25 10:20:16'),
(1299, 33415061, 7, '2016-05-25 10:20:17'),
(1300, 42415157, 7, '2016-05-25 10:20:18'),
(1301, 41415059, 7, '2016-05-25 10:20:19'),
(1302, 42415004, 7, '2016-05-25 10:20:19'),
(1303, 42414034, 7, '2016-05-25 10:20:20'),
(1304, 21414028, 7, '2016-05-25 10:20:22'),
(1305, 42414006, 7, '2016-05-25 10:20:22'),
(1306, 42413102, 7, '2016-05-25 10:20:29'),
(1307, 21414118, 7, '2016-05-25 10:20:29'),
(1308, 21414007, 7, '2016-05-25 10:20:38'),
(1309, 21414139, 7, '2016-05-25 10:20:38'),
(1310, 21414210, 7, '2016-05-25 10:20:41'),
(1311, 21414047, 7, '2016-05-25 10:20:42'),
(1312, 51415067, 7, '2016-05-25 10:20:44'),
(1313, 51415041, 7, '2016-05-25 10:20:46'),
(1314, 32414127, 7, '2016-05-25 10:20:47'),
(1315, 51415047, 7, '2016-05-25 10:20:48'),
(1316, 51415064, 7, '2016-05-25 10:20:48'),
(1317, 51415018, 7, '2016-05-25 10:20:49'),
(1318, 51415044, 7, '2016-05-25 10:20:50'),
(1319, 32414074, 7, '2016-05-25 10:20:53'),
(1320, 32414141, 7, '2016-05-25 10:20:56'),
(1321, 32414082, 7, '2016-05-25 10:21:03'),
(1322, 32414050, 7, '2016-05-25 10:21:04'),
(1323, 21413049, 7, '2016-05-25 10:21:04'),
(1324, 36413072, 7, '2016-05-25 10:21:15'),
(1325, 41415110, 7, '2016-05-25 10:21:22'),
(1326, 21414197, 7, '2016-05-25 10:21:23'),
(1327, 41415107, 7, '2016-05-25 10:21:26'),
(1328, 21414042, 7, '2016-05-25 10:21:26'),
(1329, 41415121, 7, '2016-05-25 10:21:27'),
(1330, 41415147, 7, '2016-05-25 10:21:28'),
(1331, 35415050, 7, '2016-05-25 10:21:29'),
(1332, 26415135, 7, '2016-05-25 10:21:31'),
(1333, 26415126, 7, '2016-05-25 10:21:33'),
(1334, 11415061, 7, '2016-05-25 10:21:34'),
(1335, 35415062, 7, '2016-05-25 10:21:35'),
(1336, 11415071, 7, '2016-05-25 10:21:38'),
(1337, 23415026, 7, '2016-05-25 10:21:40'),
(1338, 22414107, 7, '2016-05-25 10:21:41'),
(1339, 33415160, 7, '2016-05-25 10:21:41'),
(1340, 32415202, 7, '2016-05-25 10:21:46'),
(1341, 21415238, 7, '2016-05-25 10:21:46'),
(1342, 33415188, 7, '2016-05-25 10:21:46'),
(1343, 21415021, 7, '2016-05-25 10:21:48'),
(1344, 24415004, 7, '2016-05-25 10:21:50'),
(1345, 42415006, 7, '2016-05-25 10:21:51'),
(1346, 42415072, 7, '2016-05-25 10:21:52'),
(1347, 31415161, 7, '2016-05-25 10:21:57'),
(1348, 21415216, 7, '2016-05-25 10:21:58'),
(1349, 33415112, 7, '2016-05-25 10:22:00'),
(1350, 12414017, 7, '2016-05-25 10:22:01'),
(1351, 42415141, 7, '2016-05-25 10:22:02'),
(1352, 22414055, 7, '2016-05-25 10:22:03'),
(1353, 32414002, 7, '2016-05-25 10:22:04'),
(1354, 42414066, 7, '2016-05-25 10:22:05'),
(1355, 26413119, 7, '2016-05-25 10:22:06'),
(1356, 26414067, 7, '2016-05-25 10:22:07'),
(1357, 42415069, 7, '2016-05-25 10:22:09'),
(1358, 33414051, 7, '2016-05-25 10:22:10'),
(1359, 22414018, 7, '2016-05-25 10:22:14'),
(1360, 41415009, 7, '2016-05-25 10:22:15'),
(1361, 37415088, 7, '2016-05-25 10:22:16'),
(1362, 34414017, 7, '2016-05-25 10:22:18'),
(1363, 32415153, 7, '2016-05-25 10:22:19'),
(1364, 26415058, 7, '2016-05-25 10:22:20'),
(1365, 26415039, 7, '2016-05-25 10:22:22'),
(1366, 26415026, 7, '2016-05-25 10:22:23'),
(1367, 26414062, 7, '2016-05-25 10:22:25'),
(1368, 22413036, 7, '2016-05-25 10:22:32'),
(1369, 31413134, 7, '2016-05-25 10:22:32'),
(1370, 51415081, 7, '2016-05-25 10:22:35'),
(1371, 31415199, 7, '2016-05-25 10:22:37'),
(1372, 21415201, 7, '2016-05-25 10:22:38'),
(1373, 25413010, 7, '2016-05-25 10:22:40'),
(1374, 31415198, 7, '2016-05-25 10:22:40'),
(1375, 25414064, 7, '2016-05-25 10:22:41'),
(1376, 42414083, 7, '2016-05-25 10:22:43'),
(1377, 26415175, 7, '2016-05-25 10:22:44'),
(1378, 25413045, 7, '2016-05-25 10:22:45'),
(1379, 36413070, 7, '2016-05-25 10:22:53'),
(1380, 25414006, 7, '2016-05-25 10:22:55'),
(1381, 33414179, 7, '2016-05-25 10:22:57'),
(1382, 51414031, 7, '2016-05-25 10:22:59'),
(1383, 33414032, 7, '2016-05-25 10:23:02'),
(1384, 22414155, 7, '2016-05-25 10:23:03'),
(1385, 21414158, 7, '2016-05-25 10:23:03'),
(1386, 33413057, 7, '2016-05-25 10:23:04'),
(1387, 33415194, 7, '2016-05-25 10:23:07'),
(1388, 25414048, 7, '2016-05-25 10:23:12'),
(1389, 51415096, 7, '2016-05-25 10:23:30'),
(1390, 42415063, 7, '2016-05-25 10:23:31'),
(1391, 37415120, 7, '2016-05-25 10:23:34'),
(1392, 12414009, 7, '2016-05-25 10:23:34'),
(1393, 37415118, 7, '2016-05-25 10:23:35'),
(1394, 41415165, 7, '2016-05-25 10:23:35'),
(1395, 41415049, 7, '2016-05-25 10:23:37'),
(1396, 51413008, 7, '2016-05-25 10:23:37'),
(1397, 41415033, 7, '2016-05-25 10:23:37'),
(1398, 26415051, 7, '2016-05-25 10:23:39'),
(1399, 41415005, 7, '2016-05-25 10:23:40'),
(1400, 21414027, 7, '2016-05-25 10:23:40'),
(1401, 24415028, 7, '2016-05-25 10:23:41'),
(1402, 22414084, 7, '2016-05-25 10:23:43'),
(1403, 26415163, 7, '2016-05-25 10:23:43'),
(1404, 21415101, 7, '2016-05-25 10:23:44'),
(1405, 22413032, 7, '2016-05-25 10:23:47'),
(1406, 21414060, 7, '2016-05-25 10:23:49'),
(1407, 35415032, 7, '2016-05-25 10:23:51'),
(1408, 21415193, 7, '2016-05-25 10:23:53'),
(1409, 32414145, 7, '2016-05-25 10:23:54'),
(1410, 26415128, 7, '2016-05-25 10:23:56'),
(1411, 32414067, 7, '2016-05-25 10:23:59'),
(1412, 21414058, 7, '2016-05-25 10:23:59'),
(1413, 32415238, 7, '2016-05-25 10:23:59'),
(1414, 21415172, 7, '2016-05-25 10:24:19'),
(1415, 36415068, 7, '2016-05-25 10:24:38'),
(1416, 36415041, 7, '2016-05-25 10:24:40'),
(1417, 42414010, 7, '2016-05-25 10:24:46'),
(1418, 37415056, 7, '2016-05-25 10:24:48'),
(1419, 25413055, 7, '2016-05-25 10:24:56'),
(1420, 21415078, 7, '2016-05-25 10:24:59'),
(1421, 25414007, 7, '2016-05-25 10:25:04'),
(1422, 21414020, 7, '2016-05-25 10:25:05'),
(1423, 23415002, 7, '2016-05-25 10:25:07'),
(1424, 11415038, 7, '2016-05-25 10:25:09'),
(1425, 25414058, 7, '2016-05-25 10:25:13'),
(1426, 21414233, 7, '2016-05-25 10:25:18'),
(1427, 32415163, 7, '2016-05-25 10:25:18'),
(1428, 51415035, 7, '2016-05-25 10:25:23'),
(1429, 26415183, 7, '2016-05-25 10:26:07'),
(1430, 26415110, 7, '2016-05-25 10:26:08'),
(1431, 25415078, 7, '2016-05-25 10:26:17'),
(1432, 31415044, 7, '2016-05-25 10:26:19'),
(1433, 25415001, 7, '2016-05-25 10:26:22'),
(1434, 26415112, 7, '2016-05-25 10:26:23'),
(1435, 21415134, 7, '2016-05-25 10:26:24'),
(1436, 25415046, 7, '2016-05-25 10:27:09'),
(1437, 21415090, 7, '2016-05-25 10:27:59'),
(1438, 22415026, 7, '2016-05-25 10:28:28'),
(1439, 26415048, 7, '2016-05-25 10:28:37'),
(1440, 22414097, 7, '2016-05-25 10:28:45'),
(1441, 31415177, 7, '2016-05-25 10:28:55'),
(1442, 25415105, 7, '2016-05-25 10:28:59'),
(1443, 25415049, 7, '2016-05-25 10:29:01'),
(1444, 22414045, 7, '2016-05-25 10:29:42'),
(1445, 51414075, 7, '2016-05-25 10:29:45'),
(1446, 22414130, 7, '2016-05-25 10:29:56'),
(1447, 22414147, 7, '2016-05-25 10:30:00'),
(1448, 21415049, 7, '2016-05-25 10:30:29'),
(1449, 31414025, 7, '2016-05-25 10:31:44'),
(1450, 25415092, 7, '2016-05-25 10:32:54'),
(1451, 41414066, 7, '2016-05-25 10:33:32'),
(1452, 41414135, 7, '2016-05-25 10:33:44'),
(1453, 11415055, 7, '2016-05-25 10:35:02'),
(1454, 21414092, 7, '2016-05-25 10:35:30'),
(1455, 26414151, 7, '2016-05-25 10:35:42'),
(1456, 42414045, 7, '2016-05-25 10:36:16'),
(1457, 42415014, 7, '2016-05-25 10:36:28'),
(1458, 42415184, 7, '2016-05-25 10:36:30'),
(1459, 33413109, 7, '2016-05-25 10:36:52'),
(1460, 51414019, 7, '2016-05-25 10:37:18'),
(1461, 51414007, 7, '2016-05-25 10:37:36'),
(1462, 22415150, 7, '2016-05-25 10:38:56'),
(1463, 22415147, 7, '2016-05-25 10:39:01'),
(1464, 22415005, 7, '2016-05-25 10:40:18'),
(1465, 22415077, 7, '2016-05-25 10:40:23'),
(1466, 22415086, 7, '2016-05-25 10:40:25'),
(1467, 22415006, 7, '2016-05-25 10:40:36'),
(1468, 22414099, 7, '2016-05-25 10:40:45'),
(1469, 22415149, 7, '2016-05-25 10:40:48'),
(1470, 22415137, 7, '2016-05-25 10:40:56'),
(1471, 22415007, 7, '2016-05-25 10:40:59'),
(1472, 22415017, 7, '2016-05-25 10:41:02'),
(1473, 22415016, 7, '2016-05-25 10:41:06'),
(1474, 22415105, 7, '2016-05-25 10:41:07'),
(1475, 22415132, 7, '2016-05-25 10:41:09'),
(1476, 22415018, 7, '2016-05-25 10:41:10'),
(1477, 22415053, 7, '2016-05-25 10:41:12'),
(1478, 22415058, 7, '2016-05-25 10:41:13'),
(1479, 25415077, 7, '2016-05-25 10:41:16'),
(1480, 25415081, 7, '2016-05-25 10:41:17'),
(1481, 22415015, 7, '2016-05-25 10:41:19'),
(1482, 22415094, 7, '2016-05-25 10:41:21'),
(1483, 22415088, 7, '2016-05-25 10:41:24'),
(1484, 11413009, 7, '2016-05-25 10:41:32'),
(1485, 22415112, 7, '2016-05-25 10:42:30'),
(1486, 22415051, 7, '2016-05-25 10:42:40'),
(1487, 22415113, 7, '2016-05-25 10:43:11'),
(1488, 22415043, 7, '2016-05-25 10:43:16'),
(1489, 22415071, 7, '2016-05-25 10:43:19'),
(1490, 22415030, 7, '2016-05-25 10:43:21'),
(1491, 22415082, 7, '2016-05-25 10:43:24'),
(1492, 22415023, 7, '2016-05-25 10:43:36'),
(1493, 22415114, 7, '2016-05-25 10:46:28'),
(1494, 22415106, 7, '2016-05-25 10:46:31'),
(1495, 22415075, 7, '2016-05-25 10:46:37'),
(1496, 22415040, 7, '2016-05-25 10:46:39'),
(1497, 22415029, 7, '2016-05-25 10:46:41'),
(1498, 25415025, 7, '2016-05-25 10:47:14'),
(1499, 25415075, 7, '2016-05-25 10:47:17'),
(1500, 25415087, 7, '2016-05-25 10:47:34'),
(1501, 25415037, 7, '2016-05-25 10:47:36'),
(1502, 22415101, 7, '2016-05-25 10:48:38'),
(1503, 22415072, 7, '2016-05-25 10:48:53'),
(1504, 22415047, 7, '2016-05-25 10:48:55'),
(1505, 12414003, 7, '2016-05-25 10:49:50'),
(1506, 36413029, 7, '2016-05-25 10:50:24'),
(1507, 41414028, 7, '2016-05-25 10:56:31'),
(1508, 21414157, 7, '2016-05-25 11:01:38'),
(1509, 41415053, 7, '2016-05-25 11:02:19'),
(1510, 25415111, 7, '2016-05-25 11:06:44'),
(1511, 22415096, 7, '2016-05-25 11:07:27'),
(1512, 25414030, 7, '2016-05-25 11:14:03'),
(1513, 36414066, 7, '2016-05-25 11:22:10'),
(1514, 25414112, 7, '2016-05-25 11:22:31'),
(1515, 32414198, 7, '2016-05-25 11:22:59'),
(1516, 32414022, 7, '2016-05-25 11:23:03'),
(1517, 32414049, 7, '2016-05-25 11:26:38'),
(1518, 32414197, 7, '2016-05-25 11:27:57'),
(1519, 34415007, 7, '2016-05-25 11:30:50'),
(1520, 32414040, 7, '2016-05-25 11:31:56'),
(1521, 32414088, 7, '2016-05-25 11:32:06'),
(1522, 31415256, 7, '2016-05-25 11:43:38'),
(1523, 37414024, 7, '2016-05-25 11:43:42'),
(1524, 11415034, 7, '2016-05-25 12:01:06'),
(1525, 37415101, 8, '2016-05-25 12:16:26'),
(1526, 21415214, 8, '2016-05-25 12:17:10'),
(1527, 37415029, 8, '2016-05-25 12:17:20'),
(1528, 32415123, 8, '2016-05-25 12:18:10'),
(1529, 33415188, 8, '2016-05-25 12:20:36'),
(1530, 22415088, 8, '2016-05-25 12:21:25'),
(1531, 34415065, 7, '2016-05-25 12:42:51'),
(1532, 35414051, 8, '2016-05-25 12:45:00'),
(1533, 32414022, 8, '2016-05-25 12:45:03'),
(1534, 21414050, 8, '2016-05-25 12:45:04'),
(1535, 22415113, 8, '2016-05-25 12:45:06'),
(1536, 51414041, 8, '2016-05-25 12:45:07'),
(1537, 51414064, 8, '2016-05-25 12:45:11'),
(1538, 32415046, 8, '2016-05-25 12:45:15'),
(1539, 32414030, 8, '2016-05-25 12:45:17'),
(1540, 22415026, 8, '2016-05-25 12:45:21'),
(1541, 41414082, 8, '2016-05-25 12:45:23'),
(1542, 37415009, 8, '2016-05-25 12:45:23'),
(1543, 32415049, 8, '2016-05-25 12:45:26'),
(1544, 24415061, 8, '2016-05-25 12:45:27'),
(1545, 21414135, 8, '2016-05-25 12:45:28'),
(1546, 32415020, 8, '2016-05-25 12:45:31'),
(1547, 22414045, 8, '2016-05-25 12:45:32'),
(1548, 32415145, 8, '2016-05-25 12:45:33'),
(1549, 41414052, 8, '2016-05-25 12:45:34'),
(1550, 12415008, 8, '2016-05-25 12:45:35'),
(1551, 33415168, 8, '2016-05-25 12:45:40'),
(1552, 22415005, 8, '2016-05-25 12:45:41'),
(1553, 33415160, 8, '2016-05-25 12:46:52'),
(1554, 31414025, 8, '2016-05-25 12:48:26'),
(1555, 34415007, 8, '2016-05-25 12:48:40'),
(1556, 32415153, 8, '2016-05-25 12:48:42'),
(1557, 26415026, 8, '2016-05-25 12:48:46'),
(1558, 34414017, 8, '2016-05-25 12:48:50'),
(1559, 26415039, 8, '2016-05-25 12:48:51'),
(1560, 26414062, 8, '2016-05-25 12:48:54'),
(1561, 21414005, 8, '2016-05-25 12:49:17'),
(1562, 21415087, 8, '2016-05-25 12:49:19'),
(1563, 23415008, 8, '2016-05-25 12:49:30'),
(1564, 32415238, 8, '2016-05-25 12:49:31'),
(1565, 23415004, 8, '2016-05-25 12:49:32'),
(1566, 26415106, 8, '2016-05-25 12:49:34'),
(1567, 21414092, 8, '2016-05-25 12:49:36'),
(1568, 21414125, 8, '2016-05-25 12:49:37'),
(1569, 31415175, 8, '2016-05-25 12:49:39'),
(1570, 37415058, 8, '2016-05-25 12:49:40'),
(1571, 32415179, 8, '2016-05-25 12:49:40'),
(1572, 21415179, 8, '2016-05-25 12:49:41'),
(1573, 12414011, 8, '2016-05-25 12:49:44'),
(1574, 22415137, 8, '2016-05-25 12:49:45'),
(1575, 25415077, 8, '2016-05-25 12:49:50'),
(1576, 21415183, 8, '2016-05-25 12:49:54'),
(1577, 23415001, 8, '2016-05-25 12:49:56'),
(1578, 26414045, 8, '2016-05-25 12:49:59'),
(1579, 24414021, 8, '2016-05-25 12:50:01'),
(1580, 25415081, 8, '2016-05-25 12:50:02'),
(1581, 33415179, 8, '2016-05-25 12:50:06'),
(1582, 22413130, 8, '2016-05-25 12:50:12'),
(1583, 25414022, 8, '2016-05-25 12:50:14'),
(1584, 26415112, 8, '2016-05-25 12:50:17'),
(1585, 32414198, 8, '2016-05-25 12:50:21'),
(1586, 26413112, 8, '2016-05-25 12:50:24'),
(1587, 41415063, 8, '2016-05-25 12:50:25'),
(1588, 12414002, 8, '2016-05-25 12:50:31'),
(1589, 41414009, 8, '2016-05-25 12:50:31'),
(1590, 12415020, 8, '2016-05-25 12:50:34'),
(1591, 41414007, 8, '2016-05-25 12:50:37'),
(1592, 11415055, 8, '2016-05-25 12:50:37'),
(1593, 24414055, 8, '2016-05-25 12:50:46'),
(1594, 31415201, 8, '2016-05-25 12:50:50'),
(1595, 41414005, 8, '2016-05-25 12:50:50'),
(1596, 31415044, 8, '2016-05-25 12:50:52'),
(1597, 36415075, 8, '2016-05-25 12:50:56'),
(1598, 21415117, 8, '2016-05-25 12:50:56'),
(1599, 32415178, 8, '2016-05-25 12:50:58'),
(1600, 21414048, 8, '2016-05-25 12:50:59'),
(1601, 12415002, 8, '2016-05-25 12:51:01'),
(1602, 32415025, 8, '2016-05-25 12:51:04'),
(1603, 22415096, 8, '2016-05-25 12:51:08'),
(1604, 42415087, 8, '2016-05-25 12:51:09'),
(1605, 22415030, 8, '2016-05-25 12:51:11'),
(1606, 25415075, 8, '2016-05-25 12:51:12'),
(1607, 26415183, 8, '2016-05-25 12:51:13'),
(1608, 33414054, 8, '2016-05-25 12:51:14'),
(1609, 21414133, 8, '2016-05-25 12:51:18'),
(1610, 25415025, 8, '2016-05-25 12:51:21'),
(1611, 41415034, 8, '2016-05-25 12:51:22'),
(1612, 22415101, 8, '2016-05-25 12:51:26'),
(1613, 37415088, 8, '2016-05-25 12:51:30'),
(1614, 11415014, 8, '2016-05-25 12:51:32'),
(1615, 21415134, 8, '2016-05-25 12:51:33'),
(1616, 51415080, 8, '2016-05-25 12:51:41'),
(1617, 42415108, 8, '2016-05-25 12:51:48'),
(1618, 51415109, 8, '2016-05-25 12:51:52'),
(1619, 22414055, 8, '2016-05-25 12:51:59'),
(1620, 42413102, 8, '2016-05-25 12:52:06'),
(1621, 42414006, 8, '2016-05-25 12:52:09'),
(1622, 42414034, 8, '2016-05-25 12:52:14'),
(1623, 22415051, 8, '2016-05-25 12:52:16'),
(1624, 41415059, 8, '2016-05-25 12:52:16'),
(1625, 33415112, 8, '2016-05-25 12:52:18'),
(1626, 11415038, 8, '2016-05-25 12:52:20'),
(1627, 22413036, 8, '2016-05-25 12:52:22'),
(1628, 23415002, 8, '2016-05-25 12:52:24'),
(1629, 12414017, 8, '2016-05-25 12:52:25'),
(1630, 22414018, 8, '2016-05-25 12:52:26'),
(1631, 33414051, 8, '2016-05-25 12:52:27'),
(1632, 42415069, 8, '2016-05-25 12:52:28'),
(1633, 32414002, 8, '2016-05-25 12:52:35'),
(1634, 41415009, 8, '2016-05-25 12:52:39'),
(1635, 26414067, 8, '2016-05-25 12:52:40'),
(1636, 32415202, 8, '2016-05-25 12:52:47'),
(1637, 21413049, 8, '2016-05-25 12:52:47'),
(1638, 42414066, 8, '2016-05-25 12:52:50'),
(1639, 23415009, 8, '2016-05-25 12:52:58'),
(1640, 42415141, 8, '2016-05-25 12:52:58'),
(1641, 21415216, 8, '2016-05-25 12:53:14'),
(1642, 35415053, 8, '2016-05-25 12:53:30'),
(1643, 51415025, 8, '2016-05-25 12:53:30'),
(1644, 36415028, 8, '2016-05-25 12:53:37'),
(1645, 25413055, 8, '2016-05-25 12:53:45'),
(1646, 32415110, 8, '2016-05-25 12:53:47'),
(1647, 25415087, 8, '2016-05-25 12:53:47'),
(1648, 21414037, 8, '2016-05-25 12:53:49'),
(1649, 42414153, 8, '2016-05-25 12:53:54'),
(1650, 51415007, 8, '2016-05-25 12:53:55'),
(1651, 51414004, 8, '2016-05-25 12:53:59'),
(1652, 21414157, 8, '2016-05-25 12:54:02'),
(1653, 32414049, 8, '2016-05-25 12:54:07'),
(1654, 33415192, 8, '2016-05-25 12:54:13'),
(1655, 35414027, 8, '2016-05-25 12:54:14'),
(1656, 41415120, 8, '2016-05-25 12:54:23'),
(1657, 25415092, 8, '2016-05-25 12:54:30'),
(1658, 41414066, 8, '2016-05-25 12:54:36'),
(1659, 51414075, 8, '2016-05-25 12:54:38'),
(1660, 22414147, 8, '2016-05-25 12:54:42'),
(1661, 22415007, 8, '2016-05-25 12:54:43'),
(1662, 22414097, 8, '2016-05-25 12:54:46'),
(1663, 32414067, 8, '2016-05-25 12:54:50'),
(1664, 32414145, 8, '2016-05-25 12:54:52'),
(1665, 21415101, 8, '2016-05-25 12:54:54'),
(1666, 41415165, 8, '2016-05-25 12:54:56'),
(1667, 41414135, 8, '2016-05-25 12:54:57'),
(1668, 41415033, 8, '2016-05-25 12:54:58'),
(1669, 21414058, 8, '2016-05-25 12:55:00'),
(1670, 41415049, 8, '2016-05-25 12:55:00'),
(1671, 42415063, 8, '2016-05-25 12:55:02'),
(1672, 21414060, 8, '2016-05-25 12:55:02'),
(1673, 37415120, 8, '2016-05-25 12:55:05'),
(1674, 51415096, 8, '2016-05-25 12:55:06'),
(1675, 12414009, 8, '2016-05-25 12:55:07'),
(1676, 21414027, 8, '2016-05-25 12:55:08'),
(1677, 25415037, 8, '2016-05-25 12:55:09'),
(1678, 24415028, 8, '2016-05-25 12:55:13'),
(1679, 26415051, 8, '2016-05-25 12:55:15'),
(1680, 41414041, 8, '2016-05-25 12:55:17'),
(1681, 25414097, 8, '2016-05-25 12:55:36'),
(1682, 41414028, 8, '2016-05-25 12:55:41'),
(1683, 25415046, 8, '2016-05-25 12:55:43'),
(1684, 26415167, 8, '2016-05-25 12:55:44'),
(1685, 26415175, 8, '2016-05-25 12:55:51'),
(1686, 51415017, 8, '2016-05-25 12:55:52'),
(1687, 21415163, 8, '2016-05-25 12:55:55'),
(1688, 51415022, 8, '2016-05-25 12:56:02'),
(1689, 11414014, 7, '2016-05-25 12:56:05'),
(1690, 22415017, 8, '2016-05-25 12:56:10'),
(1691, 51415087, 8, '2016-05-25 12:56:13'),
(1692, 11414014, 8, '2016-05-25 12:56:15'),
(1693, 22414108, 8, '2016-05-25 12:56:16'),
(1694, 22414130, 8, '2016-05-25 12:56:18'),
(1695, 37415046, 8, '2016-05-25 12:56:23'),
(1696, 51415034, 8, '2016-05-25 12:56:25'),
(1697, 22415054, 7, '2016-05-25 12:56:29'),
(1698, 51415035, 8, '2016-05-25 12:56:32'),
(1699, 33415055, 8, '2016-05-25 12:56:35'),
(1700, 41415061, 8, '2016-05-25 12:56:37'),
(1701, 22415054, 8, '2016-05-25 12:56:39'),
(1702, 41415148, 8, '2016-05-25 12:56:43'),
(1703, 51415030, 8, '2016-05-25 12:56:44'),
(1704, 33414112, 8, '2016-05-25 12:57:27'),
(1705, 26415169, 8, '2016-05-25 12:58:18'),
(1706, 26415180, 8, '2016-05-25 12:58:18'),
(1707, 26415126, 8, '2016-05-25 12:58:21'),
(1708, 35415057, 8, '2016-05-25 12:58:22'),
(1709, 35415050, 8, '2016-05-25 12:58:25'),
(1710, 11415034, 8, '2016-05-25 12:58:25'),
(1711, 26415135, 8, '2016-05-25 12:58:27'),
(1712, 35415062, 8, '2016-05-25 12:58:28'),
(1713, 51414031, 8, '2016-05-25 12:58:30'),
(1714, 26415110, 8, '2016-05-25 12:58:30'),
(1715, 33414032, 8, '2016-05-25 12:58:38'),
(1716, 22414014, 8, '2016-05-25 12:58:38'),
(1717, 33414179, 8, '2016-05-25 12:58:40'),
(1718, 21414047, 8, '2016-05-25 12:58:41'),
(1719, 21415238, 8, '2016-05-25 12:58:44'),
(1720, 42414010, 8, '2016-05-25 12:58:47'),
(1721, 22415149, 8, '2016-05-25 12:58:49'),
(1722, 21414210, 8, '2016-05-25 12:58:52'),
(1723, 32414127, 8, '2016-05-25 12:58:52'),
(1724, 36415060, 8, '2016-05-25 12:58:53'),
(1725, 51415041, 8, '2016-05-25 12:58:54'),
(1726, 51415018, 8, '2016-05-25 12:58:55'),
(1727, 51415047, 8, '2016-05-25 12:58:59'),
(1728, 51415044, 8, '2016-05-25 12:59:01'),
(1729, 21414118, 8, '2016-05-25 12:59:03'),
(1730, 21414139, 8, '2016-05-25 12:59:05'),
(1731, 33415085, 8, '2016-05-25 12:59:07'),
(1732, 41415147, 8, '2016-05-25 12:59:08'),
(1733, 41415107, 8, '2016-05-25 12:59:09'),
(1734, 41415121, 8, '2016-05-25 12:59:11'),
(1735, 21414007, 8, '2016-05-25 12:59:13'),
(1736, 51414007, 8, '2016-05-25 12:59:15'),
(1737, 22415023, 8, '2016-05-25 12:59:16'),
(1738, 23415026, 8, '2016-05-25 12:59:18'),
(1739, 22415043, 8, '2016-05-25 12:59:18'),
(1740, 22415082, 8, '2016-05-25 12:59:20'),
(1741, 25413045, 8, '2016-05-25 12:59:23'),
(1742, 11415061, 8, '2016-05-25 12:59:23'),
(1743, 25415001, 8, '2016-05-25 12:59:26'),
(1744, 21414197, 8, '2016-05-25 12:59:27'),
(1745, 11415071, 8, '2016-05-25 12:59:29'),
(1746, 21415172, 8, '2016-05-25 12:59:30'),
(1747, 25415105, 8, '2016-05-25 12:59:31'),
(1748, 42414045, 8, '2016-05-25 12:59:32'),
(1749, 25415049, 8, '2016-05-25 12:59:33'),
(1750, 42415119, 8, '2016-05-25 12:59:33'),
(1751, 26415065, 8, '2016-05-25 12:59:35'),
(1752, 42415112, 8, '2016-05-25 12:59:36'),
(1753, 21413056, 8, '2016-05-25 12:59:46'),
(1754, 26414151, 8, '2016-05-25 12:59:48'),
(1755, 51415081, 8, '2016-05-25 12:59:50'),
(1756, 22415058, 8, '2016-05-25 12:59:52'),
(1757, 42415060, 8, '2016-05-25 12:59:53'),
(1758, 22415053, 8, '2016-05-25 12:59:53'),
(1759, 21415201, 8, '2016-05-25 12:59:54'),
(1760, 31413134, 8, '2016-05-25 12:59:55'),
(1761, 22415015, 8, '2016-05-25 12:59:56'),
(1762, 31415199, 8, '2016-05-25 12:59:57'),
(1763, 22415016, 8, '2016-05-25 12:59:58'),
(1764, 22415006, 8, '2016-05-25 12:59:59'),
(1765, 22415018, 8, '2016-05-25 13:00:00'),
(1766, 22415132, 8, '2016-05-25 13:00:01'),
(1767, 22415077, 8, '2016-05-25 13:00:03'),
(1768, 22415071, 8, '2016-05-25 13:00:04'),
(1769, 22415086, 8, '2016-05-25 13:00:05'),
(1770, 22415094, 8, '2016-05-25 13:00:06'),
(1771, 34415065, 8, '2016-05-25 13:00:09'),
(1772, 22415105, 8, '2016-05-25 13:00:10'),
(1773, 22415114, 8, '2016-05-25 13:00:14'),
(1774, 22415075, 8, '2016-05-25 13:00:20'),
(1775, 21415099, 8, '2016-05-25 13:00:20'),
(1776, 22415029, 8, '2016-05-25 13:00:22'),
(1777, 22415072, 8, '2016-05-25 13:00:23'),
(1778, 22415040, 8, '2016-05-25 13:00:23'),
(1779, 22415047, 8, '2016-05-25 13:00:25'),
(1780, 21415127, 8, '2016-05-25 13:00:26'),
(1781, 32414197, 8, '2016-05-25 13:00:29'),
(1782, 21415026, 8, '2016-05-25 13:00:29'),
(1783, 26415081, 8, '2016-05-25 13:00:31'),
(1784, 21415142, 8, '2016-05-25 13:00:33'),
(1785, 25414030, 8, '2016-05-25 13:00:36'),
(1786, 26415048, 8, '2016-05-25 13:00:38'),
(1787, 22415106, 8, '2016-05-25 13:00:38'),
(1788, 24415008, 8, '2016-05-25 13:00:41'),
(1789, 26415128, 8, '2016-05-25 13:00:41'),
(1790, 31415256, 8, '2016-05-25 13:00:44'),
(1791, 24415070, 8, '2016-05-25 13:00:44'),
(1792, 36414066, 8, '2016-05-25 13:00:45'),
(1793, 24415004, 8, '2016-05-25 13:00:48'),
(1794, 24415021, 8, '2016-05-25 13:00:48'),
(1795, 24415068, 8, '2016-05-25 13:00:50'),
(1796, 41415162, 8, '2016-05-25 13:00:52'),
(1797, 41415042, 8, '2016-05-25 13:00:54'),
(1798, 24415054, 8, '2016-05-25 13:00:55'),
(1799, 26415061, 8, '2016-05-25 13:00:56'),
(1800, 26415037, 8, '2016-05-25 13:00:59'),
(1801, 24415093, 8, '2016-05-25 13:00:59'),
(1802, 26415147, 8, '2016-05-25 13:01:00'),
(1803, 26415055, 8, '2016-05-25 13:01:01'),
(1804, 21415024, 8, '2016-05-25 13:01:03'),
(1805, 41415138, 8, '2016-05-25 13:01:04'),
(1806, 21415007, 8, '2016-05-25 13:01:05'),
(1807, 21415005, 8, '2016-05-25 13:01:07'),
(1808, 21415006, 8, '2016-05-25 13:01:10'),
(1809, 21415036, 8, '2016-05-25 13:01:13'),
(1810, 11415069, 8, '2016-05-25 13:01:14'),
(1811, 12415009, 8, '2016-05-25 13:01:16'),
(1812, 31415198, 8, '2016-05-25 13:01:17'),
(1813, 12415010, 8, '2016-05-25 13:01:18'),
(1814, 51415092, 8, '2016-05-25 13:01:20'),
(1815, 21415120, 8, '2016-05-25 13:01:21'),
(1816, 21415011, 8, '2016-05-25 13:01:23'),
(1817, 37415108, 8, '2016-05-25 13:01:25'),
(1818, 36415068, 8, '2016-05-25 13:01:25'),
(1819, 42415157, 8, '2016-05-25 13:01:27'),
(1820, 32415250, 8, '2016-05-25 13:01:28'),
(1821, 42415004, 8, '2016-05-25 13:01:29'),
(1822, 33415061, 8, '2016-05-25 13:01:31'),
(1823, 32415255, 8, '2016-05-25 13:01:33'),
(1824, 21415092, 8, '2016-05-25 13:01:37'),
(1825, 32415226, 8, '2016-05-25 13:01:39'),
(1826, 26415114, 8, '2016-05-25 13:01:42'),
(1827, 25414048, 8, '2016-05-25 13:01:43'),
(1828, 26415003, 8, '2016-05-25 13:01:46'),
(1829, 26415178, 8, '2016-05-25 13:01:49'),
(1830, 37415094, 8, '2016-05-25 13:01:51'),
(1831, 33415072, 8, '2016-05-25 13:01:53'),
(1832, 22414037, 8, '2016-05-25 13:01:57'),
(1833, 33415096, 8, '2016-05-25 13:01:58'),
(1834, 33415127, 8, '2016-05-25 13:02:04'),
(1835, 36413070, 8, '2016-05-25 13:02:08'),
(1836, 22414092, 8, '2016-05-25 13:02:14'),
(1837, 22414040, 8, '2016-05-25 13:02:17'),
(1838, 22414081, 8, '2016-05-25 13:02:23'),
(1839, 33415194, 8, '2016-05-25 13:02:32'),
(1840, 33413057, 8, '2016-05-25 13:02:42'),
(1841, 36413072, 8, '2016-05-25 13:02:52'),
(1842, 22414155, 8, '2016-05-25 13:02:56'),
(1843, 51413008, 8, '2016-05-25 13:02:57'),
(1844, 33415132, 8, '2016-05-25 13:03:05'),
(1845, 32415177, 8, '2016-05-25 13:03:14'),
(1846, 25415057, 7, '2016-05-25 13:03:39'),
(1847, 51415020, 8, '2016-05-25 13:03:58'),
(1848, 24414033, 8, '2016-05-25 13:04:10'),
(1849, 26415058, 8, '2016-05-25 13:05:08'),
(1850, 21414197, 9, '2016-05-30 10:35:01'),
(1851, 21414047, 9, '2016-05-30 10:36:04'),
(1852, 21414118, 9, '2016-05-30 10:36:11'),
(1853, 51414019, 9, '2016-05-30 10:36:47'),
(1854, 21414007, 9, '2016-05-30 10:36:53'),
(1855, 21415011, 9, '2016-05-30 10:36:56'),
(1856, 21414210, 9, '2016-05-30 10:37:17'),
(1857, 36414066, 9, '2016-05-30 10:37:18'),
(1858, 21415090, 9, '2016-05-30 10:37:35'),
(1859, 26415048, 9, '2016-05-30 10:37:50'),
(1860, 26415061, 9, '2016-05-30 10:37:54'),
(1861, 26415037, 9, '2016-05-30 10:37:55'),
(1862, 26415055, 9, '2016-05-30 10:38:00'),
(1863, 12415009, 9, '2016-05-30 10:38:00'),
(1864, 12414003, 9, '2016-05-30 10:38:11'),
(1865, 35414009, 9, '2016-05-30 10:38:29'),
(1866, 21415172, 9, '2016-05-30 10:38:33'),
(1867, 21415193, 9, '2016-05-30 10:38:34'),
(1868, 21415201, 9, '2016-05-30 10:38:40'),
(1869, 32415001, 9, '2016-05-30 10:38:59'),
(1870, 32415062, 9, '2016-05-30 10:39:22'),
(1871, 51415044, 9, '2016-05-30 10:39:40'),
(1872, 21415142, 9, '2016-05-30 10:39:44'),
(1873, 34415065, 9, '2016-05-30 10:39:45'),
(1874, 21415059, 9, '2016-05-30 10:39:47'),
(1875, 41415138, 9, '2016-05-30 10:40:15'),
(1876, 41415042, 9, '2016-05-30 10:40:19'),
(1877, 51414007, 9, '2016-05-30 10:41:00'),
(1878, 33415061, 9, '2016-05-30 10:42:35'),
(1879, 42415004, 9, '2016-05-30 10:42:45'),
(1880, 25415001, 9, '2016-05-30 10:43:48'),
(1881, 25415049, 9, '2016-05-30 10:43:51'),
(1882, 22415094, 9, '2016-05-30 10:44:01'),
(1883, 22414037, 9, '2016-05-30 10:44:03'),
(1884, 25414006, 9, '2016-05-30 10:44:05'),
(1885, 25415111, 9, '2016-05-30 10:44:09'),
(1886, 21415238, 9, '2016-05-30 10:44:13'),
(1887, 26415065, 9, '2016-05-30 10:44:16'),
(1888, 25415105, 9, '2016-05-30 10:44:21'),
(1889, 33414032, 9, '2016-05-30 10:45:07'),
(1890, 33414179, 9, '2016-05-30 10:45:08'),
(1891, 22414081, 9, '2016-05-30 10:45:11'),
(1892, 51415064, 9, '2016-05-30 10:45:25'),
(1893, 51415055, 9, '2016-05-30 10:45:37'),
(1894, 31415256, 9, '2016-05-30 10:46:05'),
(1895, 51415081, 9, '2016-05-30 10:46:25'),
(1896, 31413134, 9, '2016-05-30 10:46:30'),
(1897, 31415199, 9, '2016-05-30 10:46:32'),
(1898, 25414064, 9, '2016-05-30 10:47:24'),
(1899, 42415184, 9, '2016-05-30 10:47:28'),
(1900, 42414045, 9, '2016-05-30 10:47:36'),
(1901, 26415114, 9, '2016-05-30 10:48:37'),
(1902, 26415003, 9, '2016-05-30 10:48:41'),
(1903, 26415169, 9, '2016-05-30 10:48:43'),
(1904, 26415180, 9, '2016-05-30 10:48:45'),
(1905, 26415135, 9, '2016-05-30 10:48:47'),
(1906, 35415062, 9, '2016-05-30 10:48:52'),
(1907, 26415110, 9, '2016-05-30 10:48:55'),
(1908, 21414028, 9, '2016-05-30 10:49:05'),
(1909, 26415089, 9, '2016-05-30 10:49:26'),
(1910, 26415081, 9, '2016-05-30 10:49:27'),
(1911, 32415255, 9, '2016-05-30 10:49:40'),
(1912, 32414141, 9, '2016-05-30 10:49:49'),
(1913, 36415015, 9, '2016-05-30 10:50:44'),
(1914, 21415021, 9, '2016-05-30 10:50:47'),
(1915, 42414010, 9, '2016-05-30 10:50:52'),
(1916, 34415075, 9, '2016-05-30 10:50:55'),
(1917, 37415056, 9, '2016-05-30 10:51:00'),
(1918, 37415094, 9, '2016-05-30 10:51:07'),
(1919, 11415034, 9, '2016-05-30 10:51:17'),
(1920, 26415160, 9, '2016-05-30 10:51:25'),
(1921, 26415154, 9, '2016-05-30 10:51:27'),
(1922, 37415108, 9, '2016-05-30 10:51:29'),
(1923, 36413029, 9, '2016-05-30 10:51:39'),
(1924, 22415043, 9, '2016-05-30 10:51:45'),
(1925, 22415082, 9, '2016-05-30 10:51:48'),
(1926, 22415149, 9, '2016-05-30 10:51:50'),
(1927, 11415061, 9, '2016-05-30 10:51:57'),
(1928, 11415071, 9, '2016-05-30 10:52:00'),
(1929, 26415126, 9, '2016-05-30 10:52:16'),
(1930, 42415112, 9, '2016-05-30 10:53:04'),
(1931, 42415119, 9, '2016-05-30 10:53:06'),
(1932, 42415060, 9, '2016-05-30 10:53:09'),
(1933, 22415077, 9, '2016-05-30 10:53:23'),
(1934, 37414024, 9, '2016-05-30 10:53:25'),
(1935, 22415086, 9, '2016-05-30 10:53:27'),
(1936, 21415045, 9, '2016-05-30 10:54:05'),
(1937, 11415069, 9, '2016-05-30 10:54:08'),
(1938, 33415085, 9, '2016-05-30 10:54:10'),
(1939, 36415060, 9, '2016-05-30 10:54:23'),
(1940, 24415008, 9, '2016-05-30 10:54:52'),
(1941, 24415021, 9, '2016-05-30 10:54:54'),
(1942, 24415054, 9, '2016-05-30 10:54:56'),
(1943, 24415093, 9, '2016-05-30 10:54:59'),
(1944, 24414064, 9, '2016-05-30 10:55:06'),
(1945, 21415099, 9, '2016-05-30 10:55:49'),
(1946, 21415127, 9, '2016-05-30 10:55:53'),
(1947, 21415026, 9, '2016-05-30 10:55:58'),
(1948, 21415061, 9, '2016-05-30 10:56:02'),
(1949, 33415096, 9, '2016-05-30 10:56:41'),
(1950, 51415067, 9, '2016-05-30 10:56:41'),
(1951, 33415072, 9, '2016-05-30 10:56:41'),
(1952, 35415057, 9, '2016-05-30 10:56:44'),
(1953, 21415214, 9, '2016-05-30 10:56:51'),
(1954, 33415133, 9, '2016-05-30 10:56:52'),
(1955, 33415100, 9, '2016-05-30 10:56:54'),
(1956, 31415198, 9, '2016-05-30 10:56:56'),
(1957, 31415186, 9, '2016-05-30 10:56:56'),
(1958, 21415097, 9, '2016-05-30 10:57:03'),
(1959, 21415092, 9, '2016-05-30 10:57:03'),
(1960, 21415079, 9, '2016-05-30 10:57:08'),
(1961, 21415128, 9, '2016-05-30 10:57:11'),
(1962, 21415094, 9, '2016-05-30 10:57:12'),
(1963, 31415098, 9, '2016-05-30 10:57:48'),
(1964, 32415079, 9, '2016-05-30 10:57:50'),
(1965, 32415123, 9, '2016-05-30 10:57:51'),
(1966, 26415095, 9, '2016-05-30 10:58:16'),
(1967, 36415068, 9, '2016-05-30 10:58:40'),
(1968, 36415041, 9, '2016-05-30 10:58:42'),
(1969, 42415024, 9, '2016-05-30 11:00:08'),
(1970, 23415026, 9, '2016-05-30 11:01:04'),
(1971, 32414127, 9, '2016-05-30 11:01:06'),
(1972, 32415071, 9, '2016-05-30 11:01:11'),
(1973, 51415092, 9, '2016-05-30 11:01:14'),
(1974, 32415007, 9, '2016-05-30 11:01:18'),
(1975, 51415112, 9, '2016-05-30 11:01:26'),
(1976, 26414151, 9, '2016-05-30 11:04:12'),
(1977, 41415107, 9, '2016-05-30 11:08:08'),
(1978, 51415041, 9, '2016-05-30 11:08:28'),
(1979, 37415101, 9, '2016-05-30 11:08:41'),
(1980, 22414161, 9, '2016-05-30 11:09:45'),
(1981, 22414114, 9, '2016-05-30 11:09:57'),
(1982, 21414042, 9, '2016-05-30 11:10:47'),
(1983, 21415120, 9, '2016-05-30 11:11:07'),
(1984, 21415005, 9, '2016-05-30 11:11:27'),
(1985, 32415238, 9, '2016-05-30 11:11:37'),
(1986, 21415006, 9, '2016-05-30 11:11:40'),
(1987, 21415007, 9, '2016-05-30 11:12:01'),
(1988, 25413010, 9, '2016-05-30 11:13:58'),
(1989, 41415147, 9, '2016-05-30 11:14:53'),
(1990, 24415070, 9, '2016-05-30 11:16:06'),
(1991, 26415128, 9, '2016-05-30 11:19:01'),
(1992, 31414025, 9, '2016-05-30 11:21:31'),
(1993, 22415058, 9, '2016-05-30 11:22:20'),
(1994, 26415147, 9, '2016-05-30 11:22:27'),
(1995, 22415150, 9, '2016-05-30 11:22:28'),
(1996, 22415053, 9, '2016-05-30 11:22:32'),
(1997, 22415106, 9, '2016-05-30 11:22:59'),
(1998, 22415114, 9, '2016-05-30 11:23:12'),
(1999, 22415132, 9, '2016-05-30 11:24:49'),
(2000, 22415018, 9, '2016-05-30 11:24:51'),
(2001, 22415105, 9, '2016-05-30 11:26:21'),
(2002, 22415088, 9, '2016-05-30 11:26:28'),
(2003, 22414091, 9, '2016-05-30 11:27:07'),
(2004, 22414014, 9, '2016-05-30 11:27:18'),
(2005, 22415015, 9, '2016-05-30 11:27:26'),
(2006, 22415071, 9, '2016-05-30 11:27:33'),
(2007, 22415023, 9, '2016-05-30 11:27:38'),
(2008, 21414139, 9, '2016-05-30 11:28:27'),
(2009, 22415147, 9, '2016-05-30 11:33:09'),
(2010, 42415014, 9, '2016-05-30 11:34:17'),
(2011, 33415098, 9, '2016-05-30 11:34:25'),
(2012, 32415174, 9, '2016-05-30 11:38:09'),
(2013, 22415047, 9, '2016-05-30 11:39:39'),
(2014, 22415040, 9, '2016-05-30 11:39:41'),
(2015, 22415072, 9, '2016-05-30 11:39:44'),
(2016, 22415029, 9, '2016-05-30 11:39:46'),
(2017, 22414040, 9, '2016-05-30 11:39:52'),
(2018, 41415121, 9, '2016-05-30 11:40:36'),
(2019, 33415127, 9, '2016-05-30 11:42:33'),
(2020, 32415250, 9, '2016-05-30 11:43:48'),
(2021, 22415075, 9, '2016-05-30 11:49:22'),
(2022, 36413029, 10, '2016-05-30 11:53:26'),
(2023, 35415050, 9, '2016-05-30 11:58:01'),
(2024, 22414088, 9, '2016-05-30 12:01:52'),
(2025, 22415088, 10, '2016-05-30 12:14:29'),
(2026, 51414007, 10, '2016-05-30 12:15:34'),
(2027, 51414019, 10, '2016-05-30 12:15:46'),
(2028, 37415101, 10, '2016-05-30 12:20:14'),
(2029, 33414032, 10, '2016-05-30 12:27:23'),
(2030, 51414031, 9, '2016-05-30 12:28:38'),
(2031, 33415072, 10, '2016-05-30 12:30:24'),
(2032, 51415018, 9, '2016-05-30 12:35:28'),
(2033, 32414127, 10, '2016-05-30 12:36:33'),
(2034, 33415127, 10, '2016-05-30 12:38:04'),
(2035, 41415121, 10, '2016-05-30 12:39:48'),
(2036, 22415029, 10, '2016-05-30 12:39:58'),
(2037, 21414007, 10, '2016-05-30 13:00:18'),
(2038, 12414003, 10, '2016-05-30 13:04:09'),
(2039, 21414139, 10, '2016-05-30 13:24:14'),
(2040, 21414028, 10, '2016-05-30 13:24:16'),
(2041, 21415090, 10, '2016-05-30 13:24:27'),
(2042, 21415201, 10, '2016-05-30 13:24:32'),
(2043, 21415011, 10, '2016-05-30 13:24:34'),
(2044, 21414118, 10, '2016-05-30 13:24:39'),
(2045, 21414197, 10, '2016-05-30 13:24:42'),
(2046, 21414210, 10, '2016-05-30 13:24:44'),
(2047, 21414042, 10, '2016-05-30 13:24:46'),
(2048, 21415059, 10, '2016-05-30 13:24:49'),
(2049, 21414047, 10, '2016-05-30 13:24:52'),
(2050, 21415214, 10, '2016-05-30 13:24:53'),
(2051, 32415255, 10, '2016-05-30 13:24:57'),
(2052, 21415026, 10, '2016-05-30 13:25:01'),
(2053, 21415061, 10, '2016-05-30 13:25:02'),
(2054, 21415099, 10, '2016-05-30 13:25:05'),
(2055, 21415127, 10, '2016-05-30 13:25:08'),
(2056, 25414006, 10, '2016-05-30 13:25:15'),
(2057, 21415172, 10, '2016-05-30 13:25:18'),
(2058, 34415075, 10, '2016-05-30 13:25:18'),
(2059, 21415006, 10, '2016-05-30 13:25:22'),
(2060, 21415007, 10, '2016-05-30 13:25:25'),
(2061, 21415120, 10, '2016-05-30 13:25:29'),
(2062, 21415005, 10, '2016-05-30 13:25:32'),
(2063, 21415097, 10, '2016-05-30 13:25:39'),
(2064, 21415021, 10, '2016-05-30 13:25:42'),
(2065, 32415062, 10, '2016-05-30 13:25:51'),
(2066, 21415094, 10, '2016-05-30 13:25:55'),
(2067, 21415079, 10, '2016-05-30 13:25:57'),
(2068, 51415041, 10, '2016-05-30 13:26:00'),
(2069, 25415049, 10, '2016-05-30 13:26:03'),
(2070, 25415001, 10, '2016-05-30 13:26:05'),
(2071, 34415065, 10, '2016-05-30 13:26:23'),
(2072, 25415111, 10, '2016-05-30 13:26:31'),
(2073, 25413010, 10, '2016-05-30 13:26:35'),
(2074, 36415060, 10, '2016-05-30 13:27:03'),
(2075, 21415193, 10, '2016-05-30 13:27:03'),
(2076, 25415105, 10, '2016-05-30 13:27:06'),
(2077, 23415026, 10, '2016-05-30 13:27:08'),
(2078, 22415077, 10, '2016-05-30 13:27:13'),
(2079, 22415086, 10, '2016-05-30 13:27:16'),
(2080, 22415105, 10, '2016-05-30 13:27:20'),
(2081, 22415132, 10, '2016-05-30 13:27:22'),
(2082, 22415018, 10, '2016-05-30 13:27:24'),
(2083, 51415055, 10, '2016-05-30 13:27:28'),
(2084, 22415043, 10, '2016-05-30 13:27:29'),
(2085, 22414037, 10, '2016-05-30 13:27:43'),
(2086, 22415023, 10, '2016-05-30 13:27:47'),
(2087, 22415094, 10, '2016-05-30 13:27:51'),
(2088, 26415065, 10, '2016-05-30 13:27:55'),
(2089, 21415238, 10, '2016-05-30 13:27:58'),
(2090, 22415071, 10, '2016-05-30 13:28:00'),
(2091, 22415106, 10, '2016-05-30 13:28:07'),
(2092, 22415082, 10, '2016-05-30 13:28:11'),
(2093, 22415058, 10, '2016-05-30 13:28:11'),
(2094, 22415053, 10, '2016-05-30 13:28:14'),
(2095, 33415096, 10, '2016-05-30 13:28:20'),
(2096, 22414081, 10, '2016-05-30 13:28:23'),
(2097, 31415256, 10, '2016-05-30 13:28:26'),
(2098, 22415015, 10, '2016-05-30 13:28:31'),
(2099, 22414161, 10, '2016-05-30 13:28:34'),
(2100, 22414114, 10, '2016-05-30 13:28:36'),
(2101, 22414014, 10, '2016-05-30 13:28:37'),
(2102, 22415114, 10, '2016-05-30 13:28:40'),
(2103, 22414088, 10, '2016-05-30 13:28:42'),
(2104, 22414040, 10, '2016-05-30 13:28:44'),
(2105, 51415112, 10, '2016-05-30 13:28:45'),
(2106, 21415045, 10, '2016-05-30 13:28:48'),
(2107, 25414064, 10, '2016-05-30 13:28:53'),
(2108, 51414031, 10, '2016-05-30 13:29:02'),
(2109, 33414179, 10, '2016-05-30 13:29:10'),
(2110, 36415015, 10, '2016-05-30 13:29:22'),
(2111, 26415048, 10, '2016-05-30 13:29:27'),
(2112, 26415128, 10, '2016-05-30 13:29:37'),
(2113, 26415055, 10, '2016-05-30 13:29:41'),
(2114, 26415095, 10, '2016-05-30 13:29:48'),
(2115, 26415089, 10, '2016-05-30 13:29:49'),
(2116, 26415126, 10, '2016-05-30 13:29:51'),
(2117, 26415081, 10, '2016-05-30 13:29:52'),
(2118, 26415160, 10, '2016-05-30 13:29:55'),
(2119, 26415154, 10, '2016-05-30 13:29:56'),
(2120, 26415110, 10, '2016-05-30 13:29:59'),
(2121, 51415081, 10, '2016-05-30 13:29:59'),
(2122, 31413134, 10, '2016-05-30 13:30:03'),
(2123, 31415199, 10, '2016-05-30 13:30:06'),
(2124, 31414025, 10, '2016-05-30 13:30:13'),
(2125, 42415004, 10, '2016-05-30 13:30:22'),
(2126, 42414010, 10, '2016-05-30 13:30:34'),
(2127, 42415184, 10, '2016-05-30 13:30:38'),
(2128, 42415024, 10, '2016-05-30 13:30:43'),
(2129, 42415112, 10, '2016-05-30 13:30:45'),
(2130, 42415060, 10, '2016-05-30 13:30:47'),
(2131, 42415119, 10, '2016-05-30 13:30:52'),
(2132, 42415014, 10, '2016-05-30 13:30:57'),
(2133, 36415041, 10, '2016-05-30 13:31:00'),
(2134, 36415068, 10, '2016-05-30 13:31:02'),
(2135, 41415147, 10, '2016-05-30 13:31:12'),
(2136, 41415107, 10, '2016-05-30 13:31:14'),
(2137, 26415147, 10, '2016-05-30 13:31:41'),
(2138, 26415061, 10, '2016-05-30 13:32:01'),
(2139, 33415061, 10, '2016-05-30 13:32:08'),
(2140, 31415198, 10, '2016-05-30 13:32:08'),
(2141, 31415186, 10, '2016-05-30 13:32:12'),
(2142, 33415133, 10, '2016-05-30 13:32:15'),
(2143, 24415070, 10, '2016-05-30 13:32:29'),
(2144, 24415021, 10, '2016-05-30 13:32:31'),
(2145, 24415054, 10, '2016-05-30 13:32:35'),
(2146, 24415068, 10, '2016-05-30 13:32:39'),
(2147, 24415008, 10, '2016-05-30 13:32:46'),
(2148, 24415004, 10, '2016-05-30 13:32:49'),
(2149, 41415138, 10, '2016-05-30 13:32:51'),
(2150, 24415093, 10, '2016-05-30 13:32:56'),
(2151, 41415042, 10, '2016-05-30 13:32:59'),
(2152, 37415108, 10, '2016-05-30 13:33:00'),
(2153, 37415094, 10, '2016-05-30 13:33:05'),
(2154, 24414064, 10, '2016-05-30 13:33:08'),
(2155, 37415056, 10, '2016-05-30 13:33:10'),
(2156, 37414024, 10, '2016-05-30 13:33:17'),
(2157, 35415057, 10, '2016-05-30 13:33:25'),
(2158, 35415062, 10, '2016-05-30 13:33:40'),
(2159, 42414045, 10, '2016-05-30 13:33:57'),
(2160, 35414009, 10, '2016-05-30 13:34:12'),
(2161, 51415067, 10, '2016-05-30 13:34:24'),
(2162, 51415044, 10, '2016-05-30 13:34:37'),
(2163, 11415034, 10, '2016-05-30 13:34:41'),
(2164, 51415064, 10, '2016-05-30 13:34:42'),
(2165, 11415071, 10, '2016-05-30 13:34:43'),
(2166, 35415050, 10, '2016-05-30 13:34:47'),
(2167, 31415098, 10, '2016-05-30 13:34:48'),
(2168, 21415128, 10, '2016-05-30 13:34:54'),
(2169, 21415092, 10, '2016-05-30 13:34:57'),
(2170, 26415114, 10, '2016-05-30 13:35:02'),
(2171, 26415003, 10, '2016-05-30 13:35:10'),
(2172, 26415180, 10, '2016-05-30 13:35:14'),
(2173, 26415037, 10, '2016-05-30 13:35:21'),
(2174, 32415174, 10, '2016-05-30 13:35:27'),
(2175, 36414066, 10, '2016-05-30 13:35:49'),
(2176, 33415100, 10, '2016-05-30 13:35:55'),
(2177, 32415238, 10, '2016-05-30 13:35:59'),
(2178, 32415123, 10, '2016-05-30 13:36:13'),
(2179, 21415142, 10, '2016-05-30 13:36:17'),
(2180, 22415047, 10, '2016-05-30 13:36:40'),
(2181, 22415072, 10, '2016-05-30 13:36:45'),
(2182, 22415040, 10, '2016-05-30 13:36:46'),
(2183, 32415071, 10, '2016-05-30 13:36:53'),
(2184, 32414141, 10, '2016-05-30 13:36:59'),
(2185, 32415001, 10, '2016-05-30 13:36:59'),
(2186, 12415009, 10, '2016-05-30 13:37:01'),
(2187, 32415250, 10, '2016-05-30 13:37:08'),
(2188, 51415092, 10, '2016-05-30 13:37:33'),
(2189, 26415135, 10, '2016-05-30 13:37:37'),
(2190, 26415169, 10, '2016-05-30 13:37:39'),
(2191, 26414151, 10, '2016-05-30 13:38:01'),
(2192, 11415061, 10, '2016-05-30 13:39:54'),
(2193, 32415079, 10, '2016-05-30 13:40:06'),
(2194, 32415007, 10, '2016-05-30 13:40:14'),
(2195, 33415085, 10, '2016-05-30 13:42:16'),
(2196, 33415098, 10, '2016-05-30 13:42:24'),
(2197, 11415069, 10, '2016-05-30 13:44:17');

-- --------------------------------------------------------

--
-- Table structure for table `mhs_new`
--

CREATE TABLE IF NOT EXISTS `mhs_new` (
  `id` int(4) NOT NULL AUTO_INCREMENT,
  `nrp` int(8) DEFAULT NULL,
  `id_keg` int(4) DEFAULT NULL,
  `tanggal` timestamp NOT NULL DEFAULT CURRENT_TIMESTAMP,
  PRIMARY KEY (`id`),
  KEY `fk_mhs_new` (`id_keg`)
) ENGINE=InnoDB  DEFAULT CHARSET=latin1 AUTO_INCREMENT=197 ;

--
-- Dumping data for table `mhs_new`
--

INSERT INTO `mhs_new` (`id`, `nrp`, `id_keg`, `tanggal`) VALUES
(1, 42415033, NULL, '2016-05-04 09:52:38'),
(2, 31414079, NULL, '2016-05-04 10:16:56'),
(3, 42414120, NULL, '2016-05-04 10:17:11'),
(4, 42414120, NULL, '2016-05-04 10:17:20'),
(5, 42414120, NULL, '2016-05-04 10:17:21'),
(6, 26413069, NULL, '2016-05-04 10:20:15'),
(7, 26415177, NULL, '2016-05-04 10:20:35'),
(8, 26413069, NULL, '2016-05-04 10:20:55'),
(9, 26414042, NULL, '2016-05-04 10:20:55'),
(10, 26415177, NULL, '2016-05-04 10:21:09'),
(11, 22415098, NULL, '2016-05-04 10:21:54'),
(12, 31414079, NULL, '2016-05-04 10:22:04'),
(13, 22415098, NULL, '2016-05-04 10:22:19'),
(14, 31414079, NULL, '2016-05-04 10:22:37'),
(15, 42414120, NULL, '2016-05-04 10:22:51'),
(16, 41415105, NULL, '2016-05-04 10:23:41'),
(17, 21415242, NULL, '2016-05-04 10:29:44'),
(18, 21415242, NULL, '2016-05-04 10:30:03'),
(19, 21415242, NULL, '2016-05-04 10:30:12'),
(20, 22415076, NULL, '2016-05-04 10:31:17'),
(21, 21414205, NULL, '2016-05-04 10:31:36'),
(22, 26413001, NULL, '2016-05-04 10:33:44'),
(23, 32413013, NULL, '2016-05-04 10:34:00'),
(24, 25415085, NULL, '2016-05-04 10:35:59'),
(25, 23414021, NULL, '2016-05-04 10:40:53'),
(26, 21414021, NULL, '2016-05-04 10:41:01'),
(27, 23414021, NULL, '2016-05-04 10:41:59'),
(28, 21414021, NULL, '2016-05-04 10:42:04'),
(29, 41414105, NULL, '2016-05-04 10:43:54'),
(30, 26415065, NULL, '2016-05-04 10:44:26'),
(31, 26415065, NULL, '2016-05-04 10:44:39'),
(32, 41415040, NULL, '2016-05-04 10:45:37'),
(33, 32414000, NULL, '2016-05-04 10:45:56'),
(34, 21414190, NULL, '2016-05-04 10:46:10'),
(35, 37415001, NULL, '2016-05-04 10:55:33'),
(36, 37415001, NULL, '2016-05-04 10:56:00'),
(37, 25414060, NULL, '2016-05-04 12:00:52'),
(38, 37415001, NULL, '2016-05-04 12:56:49'),
(39, 37415001, NULL, '2016-05-04 12:57:25'),
(40, 42415033, NULL, '2016-05-04 12:58:43'),
(41, 42415033, NULL, '2016-05-04 12:59:12'),
(42, 26415177, NULL, '2016-05-04 12:59:47'),
(43, 41414105, NULL, '2016-05-04 13:01:14'),
(44, 26415065, NULL, '2016-05-04 13:02:00'),
(45, 26413069, NULL, '2016-05-04 13:02:33'),
(46, 22415076, NULL, '2016-05-04 13:02:46'),
(47, 42414120, NULL, '2016-05-04 13:03:01'),
(48, 21414021, NULL, '2016-05-04 13:03:04'),
(49, 21414021, NULL, '2016-05-04 13:03:08'),
(50, 42414120, NULL, '2016-05-04 13:03:13'),
(51, 42414120, NULL, '2016-05-04 13:03:14'),
(52, 42414120, NULL, '2016-05-04 13:03:43'),
(53, 21415242, NULL, '2016-05-04 13:03:53'),
(54, 22415098, NULL, '2016-05-04 13:03:58'),
(55, 21415242, NULL, '2016-05-04 13:04:12'),
(56, 21414205, NULL, '2016-05-04 13:04:32'),
(57, 31414079, NULL, '2016-05-04 13:04:45'),
(58, 25415085, NULL, '2016-05-04 13:04:56'),
(59, 21414205, NULL, '2016-05-04 13:04:59'),
(60, 31414079, NULL, '2016-05-04 13:05:15'),
(61, 25415085, NULL, '2016-05-04 13:05:16'),
(62, 23414021, NULL, '2016-05-04 13:05:38'),
(63, 41415105, NULL, '2016-05-04 13:05:50'),
(64, 21415242, NULL, '2016-05-09 09:57:19'),
(65, 31414079, NULL, '2016-05-09 10:00:54'),
(66, 21414205, NULL, '2016-05-09 10:03:13'),
(67, 21414021, NULL, '2016-05-09 10:10:37'),
(68, 22415098, NULL, '2016-05-09 10:16:58'),
(69, 41414004, NULL, '2016-05-09 10:18:43'),
(70, 21415242, NULL, '2016-05-09 12:33:29'),
(71, 21414021, NULL, '2016-05-09 12:34:24'),
(72, 31414079, NULL, '2016-05-09 12:38:09'),
(73, 41415105, NULL, '2016-05-09 12:39:28'),
(74, 42414120, NULL, '2016-05-09 12:39:49'),
(75, 23414021, NULL, '2016-05-09 12:40:47'),
(76, 35413018, NULL, '2016-05-25 10:05:27'),
(77, 34513018, NULL, '2016-05-25 10:15:25'),
(78, 42415033, NULL, '2016-05-25 10:16:38'),
(79, 26415177, NULL, '2016-05-25 10:17:29'),
(80, 26415177, NULL, '2016-05-25 10:17:46'),
(81, 21415242, NULL, '2016-05-25 10:19:00'),
(82, 23414021, NULL, '2016-05-25 10:19:09'),
(83, 21415242, NULL, '2016-05-25 10:19:22'),
(84, 23414021, NULL, '2016-05-25 10:19:35'),
(85, 31414079, NULL, '2016-05-25 10:20:35'),
(86, 21414205, NULL, '2016-05-25 10:20:35'),
(87, 21414021, NULL, '2016-05-25 10:20:42'),
(88, 21414205, NULL, '2016-05-25 10:20:48'),
(89, 31414079, NULL, '2016-05-25 10:20:59'),
(90, 37415001, NULL, '2016-05-25 10:21:03'),
(91, 21414021, NULL, '2016-05-25 10:21:15'),
(92, 41415105, NULL, '2016-05-25 10:21:27'),
(93, 37415001, NULL, '2016-05-25 10:21:28'),
(94, 37415001, NULL, '2016-05-25 10:21:33'),
(95, 41415105, NULL, '2016-05-25 10:21:41'),
(96, 37415001, NULL, '2016-05-25 10:21:56'),
(97, 44414083, NULL, '2016-05-25 10:22:21'),
(98, 51414065, NULL, '2016-05-25 10:22:44'),
(99, 51414065, NULL, '2016-05-25 10:23:04'),
(100, 26413069, NULL, '2016-05-25 10:23:09'),
(101, 26413069, NULL, '2016-05-25 10:23:12'),
(102, 31414099, NULL, '2016-05-25 10:23:17'),
(103, 11414063, NULL, '2016-05-25 10:23:26'),
(104, 26413069, NULL, '2016-05-25 10:23:29'),
(105, 31414099, NULL, '2016-05-25 10:23:30'),
(106, 11414063, NULL, '2016-05-25 10:23:43'),
(107, 26413069, NULL, '2016-05-25 10:23:57'),
(108, 25413034, NULL, '2016-05-25 10:24:07'),
(109, 12414001, NULL, '2016-05-25 10:24:28'),
(110, 24414009, NULL, '2016-05-25 10:24:35'),
(111, 41414032, NULL, '2016-05-25 10:24:40'),
(112, 26413001, NULL, '2016-05-25 10:24:42'),
(113, 33414044, NULL, '2016-05-25 10:24:47'),
(114, 42414035, NULL, '2016-05-25 10:24:52'),
(115, 23415033, NULL, '2016-05-25 10:25:00'),
(116, 12414001, NULL, '2016-05-25 10:25:14'),
(117, 33414044, NULL, '2016-05-25 10:25:23'),
(118, 41414032, NULL, '2016-05-25 10:25:37'),
(119, 24414009, NULL, '2016-05-25 10:25:49'),
(120, 32414070, NULL, '2016-05-25 10:26:08'),
(121, 25413034, NULL, '2016-05-25 10:26:09'),
(122, 21414040, NULL, '2016-05-25 10:26:14'),
(123, 32414070, NULL, '2016-05-25 10:26:23'),
(124, 21414040, NULL, '2016-05-25 10:26:39'),
(125, 37414089, NULL, '2016-05-25 10:27:56'),
(126, 32413013, NULL, '2016-05-25 10:28:20'),
(127, 25414055, NULL, '2016-05-25 10:29:30'),
(128, 25415112, NULL, '2016-05-25 10:33:13'),
(129, 25415042, NULL, '2016-05-25 10:33:47'),
(130, 26413022, NULL, '2016-05-25 10:34:46'),
(131, 26413022, NULL, '2016-05-25 10:35:10'),
(132, 42414120, NULL, '2016-05-25 10:36:22'),
(133, 42414120, NULL, '2016-05-25 10:36:42'),
(134, 22415076, NULL, '2016-05-25 10:36:45'),
(135, 22415076, NULL, '2016-05-25 10:37:02'),
(136, 11413025, NULL, '2016-05-25 10:41:47'),
(137, 11414043, NULL, '2016-05-25 10:41:53'),
(138, 11413025, NULL, '2016-05-25 10:42:08'),
(139, 11414043, NULL, '2016-05-25 10:42:21'),
(140, 22414101, NULL, '2016-05-25 10:44:16'),
(141, 22414101, NULL, '2016-05-25 10:44:32'),
(142, 25415085, NULL, '2016-05-25 11:06:39'),
(143, 25415085, NULL, '2016-05-25 11:07:06'),
(144, 36414067, NULL, '2016-05-25 11:21:07'),
(145, 36414067, NULL, '2016-05-25 11:21:28'),
(146, 25414060, NULL, '2016-05-25 11:22:20'),
(147, 25414060, NULL, '2016-05-25 11:22:43'),
(148, 33413006, NULL, '2016-05-25 11:53:15'),
(149, 26413005, NULL, '2016-05-25 12:40:04'),
(150, 26413100, NULL, '2016-05-25 12:41:35'),
(151, 51414065, NULL, '2016-05-25 12:47:41'),
(152, 25414055, NULL, '2016-05-25 12:47:49'),
(153, 36414067, NULL, '2016-05-25 12:47:59'),
(154, 37414089, NULL, '2016-05-25 12:48:13'),
(155, 21414040, NULL, '2016-05-25 12:48:19'),
(156, 11414043, NULL, '2016-05-25 12:48:22'),
(157, 11414063, NULL, '2016-05-25 12:48:31'),
(158, 12414001, NULL, '2016-05-25 12:48:38'),
(159, 42414035, NULL, '2016-05-25 12:48:50'),
(160, 33414044, NULL, '2016-05-25 12:49:00'),
(161, 32414070, NULL, '2016-05-25 12:49:08'),
(162, 41414032, NULL, '2016-05-25 12:49:16'),
(163, 24414009, NULL, '2016-05-25 12:49:22'),
(164, 26415177, NULL, '2016-05-25 12:49:52'),
(165, 23415033, NULL, '2016-05-25 12:49:54'),
(166, 21414040, NULL, '2016-05-25 12:50:05'),
(167, 26415177, NULL, '2016-05-25 12:50:13'),
(168, 26413001, NULL, '2016-05-25 12:51:02'),
(169, 25413034, NULL, '2016-05-25 12:51:16'),
(170, 51415018, NULL, '2016-05-25 12:59:01'),
(171, 21414021, NULL, '2016-05-25 12:59:14'),
(172, 21414205, NULL, '2016-05-25 12:59:22'),
(173, 22414101, NULL, '2016-05-25 12:59:40'),
(174, 25415112, NULL, '2016-05-25 12:59:42'),
(175, 42415112, NULL, '2016-05-25 12:59:43'),
(176, 31414079, NULL, '2016-05-25 12:59:49'),
(177, 21414021, NULL, '2016-05-25 12:59:57'),
(178, 25415112, NULL, '2016-05-25 13:00:06'),
(179, 21415242, NULL, '2016-05-25 13:00:39'),
(180, 23414021, NULL, '2016-05-25 13:01:11'),
(181, 26413069, NULL, '2016-05-25 13:01:21'),
(182, 23414021, NULL, '2016-05-25 13:01:32'),
(183, 31414099, NULL, '2016-05-25 13:01:40'),
(184, 31414099, NULL, '2016-05-25 13:01:40'),
(185, 22414155, NULL, '2016-05-25 13:04:14'),
(186, 33413006, NULL, '2016-05-25 13:06:40'),
(187, 25414060, NULL, '2016-05-25 13:07:56'),
(188, 23414021, NULL, '2016-05-30 10:55:08'),
(189, 21415242, NULL, '2016-05-30 11:15:56'),
(190, 22415098, NULL, '2016-05-30 11:23:06'),
(191, 22415076, NULL, '2016-05-30 11:27:48'),
(192, 21414205, NULL, '2016-05-30 11:28:39'),
(193, 25415085, NULL, '2016-05-30 13:26:14'),
(194, 25415085, NULL, '2016-05-30 13:26:22'),
(195, 23414021, NULL, '2016-05-30 13:26:52'),
(196, 22415076, NULL, '2016-05-30 13:28:21');

-- --------------------------------------------------------

--
-- Table structure for table `panitia`
--

CREATE TABLE IF NOT EXISTS `panitia` (
  `id_panitia` int(11) NOT NULL AUTO_INCREMENT,
  `nrp` varchar(10) NOT NULL,
  `nama_panitia` varchar(225) NOT NULL,
  `id_divisi` int(11) NOT NULL,
  `username` varchar(255) NOT NULL,
  `password` varchar(255) NOT NULL,
  PRIMARY KEY (`id_panitia`),
  KEY `fk_panitia_id_div` (`id_divisi`)
) ENGINE=InnoDB DEFAULT CHARSET=latin1 AUTO_INCREMENT=1 ;

-- --------------------------------------------------------

--
-- Table structure for table `rapat`
--

CREATE TABLE IF NOT EXISTS `rapat` (
  `id_rapat` int(11) NOT NULL AUTO_INCREMENT,
  `rapat` varchar(225) NOT NULL,
  `tanggal` date NOT NULL,
  PRIMARY KEY (`id_rapat`)
) ENGINE=InnoDB DEFAULT CHARSET=latin1 AUTO_INCREMENT=1 ;

-- --------------------------------------------------------

--
-- Table structure for table `rapat_keluar`
--

CREATE TABLE IF NOT EXISTS `rapat_keluar` (
  `id_keluar` int(11) NOT NULL AUTO_INCREMENT,
  `id_panitia` int(11) NOT NULL,
  `id_rapat` int(11) NOT NULL,
  `jam` timestamp NOT NULL DEFAULT CURRENT_TIMESTAMP,
  PRIMARY KEY (`id_keluar`),
  KEY `fk_keluar_id_panitia` (`id_panitia`),
  KEY `fk_keluar_id_rapat` (`id_rapat`)
) ENGINE=InnoDB DEFAULT CHARSET=latin1 AUTO_INCREMENT=1 ;

-- --------------------------------------------------------

--
-- Table structure for table `rapat_keluar_new`
--

CREATE TABLE IF NOT EXISTS `rapat_keluar_new` (
  `id_rk_new` int(11) NOT NULL AUTO_INCREMENT,
  `nrp` int(11) NOT NULL,
  `id_rapat` int(11) NOT NULL,
  `jam` timestamp NOT NULL DEFAULT CURRENT_TIMESTAMP,
  PRIMARY KEY (`id_rk_new`),
  KEY `fk_new_id_rapat` (`id_rapat`)
) ENGINE=InnoDB DEFAULT CHARSET=latin1 AUTO_INCREMENT=1 ;

-- --------------------------------------------------------

--
-- Table structure for table `rapat_masuk`
--

CREATE TABLE IF NOT EXISTS `rapat_masuk` (
  `id_masuk` int(11) NOT NULL AUTO_INCREMENT,
  `id_panitia` int(11) NOT NULL,
  `id_rapat` int(11) NOT NULL,
  `jam` timestamp NOT NULL DEFAULT CURRENT_TIMESTAMP,
  PRIMARY KEY (`id_masuk`),
  KEY `fk_masuk_id_panitia` (`id_panitia`),
  KEY `fk_masuk_id_rapat` (`id_rapat`)
) ENGINE=InnoDB DEFAULT CHARSET=latin1 AUTO_INCREMENT=1 ;

-- --------------------------------------------------------

--
-- Table structure for table `rapat_masuk_new`
--

CREATE TABLE IF NOT EXISTS `rapat_masuk_new` (
  `id_rm_new` int(11) NOT NULL AUTO_INCREMENT,
  `nrp` int(11) NOT NULL,
  `id_rapat` int(11) NOT NULL,
  `jam` timestamp NOT NULL DEFAULT CURRENT_TIMESTAMP,
  PRIMARY KEY (`id_rm_new`),
  KEY `fk_new_id_rapat` (`id_rapat`)
) ENGINE=InnoDB DEFAULT CHARSET=latin1 AUTO_INCREMENT=1 ;

--
-- Constraints for dumped tables
--

--
-- Constraints for table `mhs_absen`
--
ALTER TABLE `mhs_absen`
  ADD CONSTRAINT `fk_mhs_keg` FOREIGN KEY (`id_keg`) REFERENCES `kegiatan` (`id`);

--
-- Constraints for table `mhs_new`
--
ALTER TABLE `mhs_new`
  ADD CONSTRAINT `fk_mhs_new` FOREIGN KEY (`id_keg`) REFERENCES `kegiatan` (`id`);

--
-- Constraints for table `panitia`
--
ALTER TABLE `panitia`
  ADD CONSTRAINT `fk_panitia_id_div` FOREIGN KEY (`id_divisi`) REFERENCES `divisi` (`id_divisi`);

--
-- Constraints for table `rapat_keluar`
--
ALTER TABLE `rapat_keluar`
  ADD CONSTRAINT `fk_keluar_id_panitia` FOREIGN KEY (`id_panitia`) REFERENCES `panitia` (`id_panitia`),
  ADD CONSTRAINT `fk_keluar_id_rapat` FOREIGN KEY (`id_rapat`) REFERENCES `rapat` (`id_rapat`);

--
-- Constraints for table `rapat_masuk`
--
ALTER TABLE `rapat_masuk`
  ADD CONSTRAINT `fk_masuk_id_panitia` FOREIGN KEY (`id_panitia`) REFERENCES `panitia` (`id_panitia`),
  ADD CONSTRAINT `fk_masuk_id_rapat` FOREIGN KEY (`id_rapat`) REFERENCES `rapat` (`id_rapat`);

/*!40101 SET CHARACTER_SET_CLIENT=@OLD_CHARACTER_SET_CLIENT */;
/*!40101 SET CHARACTER_SET_RESULTS=@OLD_CHARACTER_SET_RESULTS */;
/*!40101 SET COLLATION_CONNECTION=@OLD_COLLATION_CONNECTION */;
